uses,survival,coherence,fraction_of_ideal_threshold,time,product_lower,GHZ_lower,winner,advantage
2,0.5,0.5,0.25,0.08995462675067366,0.07593331354374085,0.02391771452281811,product,0.05201559902092273
2,0.5,0.5,0.5,0.17990925350134732,0.14836345265616457,0.044194173824159216,product,0.10416927883200536
2,0.5,0.5,0.75,0.26986388025202096,0.21410116093869583,0.05774247078195542,product,0.15635869015674042
2,0.5,0.5,1.0,0.35981850700269463,0.27052669529663687,0.0625,product,0.20802669529663687
2,0.5,0.7,0.25,0.08995462675067366,0.1096941502579773,0.046878720464723495,product,0.0628154297932538
2,0.5,0.7,0.5,0.17990925350134732,0.21369325240408094,0.08662058069535206,product,0.12707267170872888
2,0.5,0.7,0.75,0.26986388025202096,0.3069432206383979,0.11317524273263262,product,0.19376797790576528
2,0.5,0.7,1.0,0.35981850700269463,0.38556004449831227,0.12249999999999998,product,0.2630600444983123
2,0.5,0.9,0.25,0.08995462675067366,0.1463406739640754,0.07749339505393069,product,0.06884727891014472
2,0.5,0.9,0.5,0.17990925350134732,0.28418808238767973,0.14318912319027588,product,0.14099895919740385
2,0.5,0.9,0.75,0.26986388025202096,0.4061350185092918,0.18708560533353558,product,0.2190494131757562
2,0.5,0.9,1.0,0.35981850700269463,0.5067824159441487,0.2025,product,0.30428241594414873
2,0.5,1.0,0.25,0.08995462675067366,0.1658605537171922,0.09567085809127245,product,0.07018969562591974
2,0.5,1.0,0.5,0.17990925350134732,0.3215930620025417,0.17677669529663687,product,0.1448163667059048
2,0.5,1.0,0.75,0.26986388025202096,0.45841710278745584,0.23096988312782168,product,0.22744721965963416
2,0.5,1.0,1.0,0.35981850700269463,0.5700597415393834,0.25,product,0.32005974153938344
2,0.7,0.5,0.25,0.08995462675067366,0.09420400438121615,0.046878720464723495,product,0.047325283916492655
2,0.7,0.5,0.5,0.17990925350134732,0.1836410061438574,0.08662058069535206,product,0.09702042544850534
2,0.7,0.5,0.75,0.26986388025202096,0.2640786101943552,0.11317524273263262,product,0.15090336746172256
2,0.7,0.5,1.0,0.35981850700269463,0.3322424240491749,0.12249999999999998,product,0.20974242404917492
2,0.7,0.7,0.25,0.08995462675067366,0.13852512827531324,0.09188229211085802,product,0.04664283616445522
2,0.7,0.7,0.5,0.17990925350134732,0.2688268692248834,0.16977633816289,product,0.09905053106199341
2,0.7,0.7,0.75,0.26986388025202096,0.38382518110757585,0.22182347575595987,product,0.16200170535161598
2,0.7,0.7,1.0,0.35981850700269463,0.4785118289915654,0.24009999999999992,product,0.2384118289915655
2,0.7,0.9,0.25,0.08995462675067366,0.18850219867345913,0.15188705430570412,product,0.03661514436775501
2,0.7,0.9,0.5,0.17990925350134732,0.364136191567847,0.28065068145294064,product,0.08348551011490635
2,0.7,0.9,0.75,0.26986388025202096,0.5160172388363324,0.3666877864537297,product,0.14932945238260276
2,0.7,0.9,1.0,0.35981850700269463,0.6369117175325116,0.3969,product,0.24001171753251166
2,0.7,1.0,0.25,0.08995462675067366,0.21583610495666486,0.18751488185889398,product,0.02832122309777088
2,0.7,1.0,0.5,0.17990925350134732,0.41601967940053136,0.3464823227814082,product,0.06953735661912314
2,0.7,1.0,0.75,0.26986388025202096,0.5873781909724363,0.45270097093053047,product,0.1346772200419058
2,0.7,1.0,1.0,0.35981850700269463,0.7213372959527249,0.48999999999999994,product,0.23133729595272495
2,0.9,0.5,0.25,0.08995462675067366,0.10555890403010801,0.07749339505393069,product,0.028065508976177322
2,0.9,0.5,0.5,0.17990925350134732,0.20516551530310853,0.14318912319027588,product,0.06197639211283265
2,0.9,0.5,0.75,0.26986388025202096,0.2936771936672609,0.18708560533353558,product,0.10659158833372534
2,0.9,0.5,1.0,0.35981850700269463,0.3673896103067893,0.2025,product,0.16488961030678928
2,0.9,0.7,0.25,0.08995462675067366,0.15875800224358919,0.15188705430570412,product,0.0068709479378850635
2,0.9,0.7,0.5,0.17990925350134732,0.30662123796521173,0.28065068145294064,product,0.025970556512271092
2,0.9,0.7,0.75,0.26986388025202096,0.4344812399846503,0.3666877864537297,product,0.06779345353092064
2,0.9,0.7,1.0,0.35981850700269463,0.5364509087384919,0.3969,product,0.1395509087384919
2,0.9,0.9,0.25,0.08995462675067366,0.22130672631070208,0.2510785999747355,GHZ,0.029771873664033388
2,0.9,0.9,0.5,0.17990925350134732,0.4248116585909259,0.4639327591364939,GHZ,0.039121100545568
2,0.9,0.9,0.75,0.26986388025202096,0.595858437976701,0.6061573612806553,GHZ,0.010298923303954322
2,0.9,0.9,1.0,0.35981850700269463,0.7255646392412765,0.6561000000000001,product,0.06946463924127633
2,0.9,1.0,0.25,0.08995462675067366,0.25645813034047804,0.30997358021572274,GHZ,0.0535154498752447
2,0.9,1.0,0.5,0.17990925350134732,0.4908973782825057,0.5727564927611035,GHZ,0.08185911447859784
2,0.9,1.0,0.75,0.26986388025202096,0.6852502774831298,0.7483424213341423,GHZ,0.06309214385101247
2,0.9,1.0,1.0,0.35981850700269463,0.8287597976789739,0.81,product,0.018759797678973844
2,1.0,0.5,0.25,0.08995462675067366,0.10864293215883514,0.09567085809127245,product,0.012972074067562692
2,1.0,0.5,0.5,0.17990925350134732,0.21077037825956846,0.17677669529663687,product,0.03399368296293159
2,1.0,0.5,0.75,0.26986388025202096,0.30083441073518113,0.23096988312782168,product,0.06986452760735945
2,1.0,0.5,1.0,0.35981850700269463,0.375,0.25,product,0.125
2,1.0,0.7,0.25,0.08995462675067366,0.16565015020932966,0.18751488185889398,GHZ,0.021864731649564317
2,1.0,0.7,0.5,0.17990925350134732,0.31901620430519806,0.3464823227814082,GHZ,0.027466118476210166
2,1.0,0.7,0.75,0.26986388025202096,0.44997455632614863,0.45270097093053047,GHZ,0.0027264146043818327
2,1.0,0.7,1.0,0.35981850700269463,0.5522906843320826,0.48999999999999994,product,0.06229068433208268
2,1.0,0.9,0.25,0.08995462675067366,0.23420011622727074,0.30997358021572274,GHZ,0.075773463988452
2,1.0,0.9,0.5,0.17990925350134732,0.4479221512935572,0.5727564927611035,GHZ,0.1248343414675463
2,1.0,0.9,0.75,0.26986388025202096,0.6245136546018832,0.7483424213341423,GHZ,0.12382876673225907
2,1.0,0.9,1.0,0.35981850700269463,0.7543374576408095,0.81,GHZ,0.05566254235919055
2,1.0,1.0,0.25,0.08995462675067366,0.27326157083651226,0.3826834323650898,GHZ,0.10942186152857752
2,1.0,1.0,0.5,0.17990925350134732,0.521005383279987,0.7071067811865475,GHZ,0.18610139790656044
2,1.0,1.0,0.75,0.26986388025202096,0.722527945110619,0.9238795325112867,GHZ,0.20135158740066772
2,1.0,1.0,1.0,0.35981850700269463,0.8660254037844387,1.0,GHZ,0.1339745962155613
3,0.5,0.5,0.25,0.059969751167115774,0.06417191989265797,0.005979428630704528,product,0.058192491261953444
3,0.5,0.5,0.5,0.11993950233423155,0.12684250918317733,0.011048543456039804,product,0.11579396572713752
3,0.5,0.5,0.75,0.17990925350134732,0.1865972690379577,0.014435617695488855,product,0.17216165134246886
3,0.5,0.5,1.0,0.2398790046684631,0.24218475260828556,0.015625,product,0.22655975260828556
3,0.5,0.7,0.25,0.059969751167115774,0.09383247562299962,0.01640755216265322,product,0.0774249234603464
3,0.5,0.7,0.5,0.11993950233423155,0.18496019467581845,0.030317203243373215,product,0.15464299143244523
3,0.5,0.7,0.75,0.17990925350134732,0.2708888553071196,0.03961133495642141,product,0.23127752035069818
3,0.5,0.7,1.0,0.2398790046684631,0.34951842978980885,0.04287499999999999,product,0.30664342978980885
3,0.5,0.9,0.25,0.059969751167115774,0.1273789498838131,0.03487202777426881,product,0.09250692210954428
3,0.5,0.9,0.5,0.11993950233423155,0.2502776550148611,0.06443510543562414,product,0.18584254957923696
3,0.5,0.9,0.75,0.17990925350134732,0.3646267533202862,0.08418852240009102,product,0.2804382309201952
3,0.5,0.9,1.0,0.2398790046684631,0.46712909317832774,0.09112500000000001,product,0.3760040931783277
3,0.5,1.0,0.25,0.059969751167115774,0.14589318545999164,0.04783542904563622,product,0.09805775641435541
3,0.5,1.0,0.5,0.11993950233423155,0.2861683873204509,0.08838834764831843,product,0.19778003967213248
3,0.5,1.0,0.75,0.17990925350134732,0.41574974677568133,0.11548494156391084,product,0.30026480521177046
3,0.5,1.0,1.0,0.2398790046684631,0.5305823499482151,0.125,product,0.40558234994821507
3,0.7,0.5,0.25,0.059969751167115774,0.07843568663682267,0.01640755216265322,product,0.06202813447416945
3,0.7,0.5,0.5,0.11993950233423155,0.15484932203739968,0.030317203243373215,product,0.12453211879402647
3,0.7,0.5,0.75,0.17990925350134732,0.22736288223019202,0.03961133495642141,product,0.1877515472737706
3,0.7,0.5,1.0,0.2398790046684631,0.2943654249820158,0.04287499999999999,product,0.2514904249820158
3,0.7,0.7,0.25,0.059969751167115774,0.11533167549513773,0.045022323134320426,product,0.07030935236081731
3,0.7,0.7,0.5,0.11993950233423155,0.22674912388583202,0.08319040569981609,product,0.14355871818601593
3,0.7,0.7,0.75,0.17990925350134732,0.3307196326006068,0.10869350312042032,product,0.22202612948018652
3,0.7,0.7,1.0,0.2398790046684631,0.42441573104586017,0.11764899999999995,product,0.3067667310458602
3,0.7,0.9,0.25,0.059969751167115774,0.15827479742618297,0.09568884421259359,product,0.06258595321358938
3,0.7,0.9,0.5,0.11993950233423155,0.3096074023600299,0.1768099293153526,product,0.13279747304467732
3,0.7,0.9,0.75,0.17990925350134732,0.4478489112822458,0.2310133054658497,product,0.2168356058163961
3,0.7,0.9,1.0,0.2398790046684631,0.5683232387473475,0.25004699999999996,product,0.3182762387473475
3,0.7,1.0,0.25,0.059969751167115774,0.18261214589157038,0.13126041730122576,product,0.05135172859034462
3,0.7,1.0,0.5,0.11993950233423155,0.35625011681832786,0.24253762594698572,product,0.11371249087134214
3,0.7,1.0,0.75,0.17990925350134732,0.5130120565971616,0.3168906796513713,product,0.19612137694579035
3,0.7,1.0,1.0,0.2398790046684631,0.6469925255314073,0.3429999999999999,product,0.3039925255314074
3,0.9,0.5,0.25,0.059969751167115774,0.09167761753824642,0.03487202777426881,product,0.056805589763977614
3,0.9,0.5,0.5,0.11993950233423155,0.18084525253240064,0.06443510543562414,product,0.1164101470967765
3,0.9,0.5,0.75,0.17990925350134732,0.2651995507384714,0.08418852240009102,product,0.1810110283383804
3,0.9,0.5,1.0,0.2398790046684631,0.34281525557132964,0.09112500000000001,product,0.2516902555713296
3,0.9,0.7,0.25,0.059969751167115774,0.13367073545344793,0.09568884421259359,product,0.03798189124085434
3,0.9,0.7,0.5,0.11993950233423155,0.26219916550004096,0.1768099293153526,product,0.08538923618468836
3,0.9,0.7,0.75,0.17990925350134732,0.38103895324580067,0.2310133054658497,product,0.15002564777995098
3,0.9,0.7,1.0,0.2398790046684631,0.4867306635918225,0.25004699999999996,product,0.23668366359182252
3,0.9,0.9,0.25,0.059969751167115774,0.18306603973364083,0.20337366597953574,GHZ,0.02030762624589491
3,0.9,0.9,0.5,0.11993950233423155,0.3564558735444022,0.3757855349005601,GHZ,0.01932966135615788
3,0.9,0.9,0.75,0.17990925350134732,0.5118059707314995,0.4909874626373309,product,0.020818508094168575
3,0.9,0.9,1.0,0.2398790046684631,0.6431622417158974,0.5314410000000002,product,0.11172124171589726
3,0.9,1.0,0.25,0.059969751167115774,0.21159750129674476,0.27897622219415047,GHZ,0.06737872089740571
3,0.9,1.0,0.5,0.11993950233423155,0.41034925872397077,0.5154808434849931,GHZ,0.10513158476102236
3,0.9,1.0,0.75,0.17990925350134732,0.5852218441908847,0.6735081792007281,GHZ,0.0882863350098434
3,0.9,1.0,1.0,0.2398790046684631,0.7285211277205992,0.7290000000000001,GHZ,0.00047887227940091037
3,1.0,0.5,0.25,0.059969751167115774,0.09906025032032349,0.04783542904563622,product,0.05122482127468727
3,1.0,0.5,0.5,0.11993950233423155,0.19537617816786101,0.08838834764831843,product,0.10698783051954258
3,1.0,0.5,0.75,0.17990925350134732,0.2864418689773217,0.11548494156391084,product,0.17095692741341087
3,1.0,0.5,1.0,0.2398790046684631,0.3701844689524083,0.125,product,0.2451844689524083
3,1.0,0.7,0.25,0.059969751167115774,0.14290563505156784,0.13126041730122576,product,0.01164521775034208
3,1.0,0.7,0.5,0.11993950233423155,0.2800592576691539,0.24253762594698572,product,0.037521631722168186
3,1.0,0.7,0.75,0.17990925350134732,0.4064270215746739,0.3168906796513713,product,0.08953634192330262
3,1.0,0.7,1.0,0.2398790046684631,0.5182758041481887,0.3429999999999999,product,0.17527580414818883
3,1.0,0.9,0.25,0.059969751167115774,0.19428822835880857,0.27897622219415047,GHZ,0.0846879938353419
3,1.0,0.9,0.5,0.11993950233423155,0.3774542831214541,0.5154808434849931,GHZ,0.138026560363539
3,1.0,0.9,0.75,0.17990925350134732,0.5400023052958757,0.6735081792007281,GHZ,0.13350587390485247
3,1.0,0.9,1.0,0.2398790046684631,0.6754052304573164,0.7290000000000001,GHZ,0.05359476954268372
3,1.0,1.0,0.25,0.059969751167115774,0.2241548991330267,0.3826834323650898,GHZ,0.1585285332320631
3,1.0,1.0,0.5,0.11993950233423155,0.4333596566087392,0.7071067811865475,GHZ,0.27374712457780825
3,1.0,1.0,0.75,0.17990925350134732,0.6149315272702202,0.9238795325112867,GHZ,0.3089480052410666
3,1.0,1.0,1.0,0.2398790046684631,0.7603453162872774,1.0,GHZ,0.23965468371272258
4,0.5,0.5,0.25,0.04497731337533683,0.0564430544249739,0.001494857157676132,product,0.05494819726729777
4,0.5,0.5,0.5,0.08995462675067366,0.11206146092255624,0.002762135864009951,product,0.1092993250585463
4,0.5,0.5,0.75,0.13493194012601048,0.16606444921354413,0.003608904423872214,product,0.16245554478967192
4,0.5,0.5,1.0,0.17990925350134732,0.21772605679731896,0.00390625,product,0.21381980679731896
4,0.5,0.7,0.25,0.04497731337533683,0.0829491836035475,0.005742643256928627,product,0.07720654034661888
4,0.5,0.7,0.5,0.08995462675067366,0.16429908745891222,0.010611021135180625,product,0.1536880663237316
4,0.5,0.7,0.75,0.13493194012601048,0.2425427383371017,0.013863967234747494,product,0.22867877110235418
4,0.5,0.7,1.0,0.17990925350134732,0.3163488587350918,0.015006249999999997,product,0.3013426087350918
4,0.5,0.9,0.25,0.04497731337533683,0.11355096239453236,0.015692412498420964,product,0.0978585498961114
4,0.5,0.9,0.5,0.08995462675067366,0.2242471372458964,0.028995797446030862,product,0.19525133979986553
4,0.5,0.9,0.75,0.13493194012601048,0.3294338830533314,0.03788483508004095,product,0.2915490479732904
4,0.5,0.9,1.0,0.17990925350134732,0.42683736038695447,0.04100625,product,0.38583111038695445
4,0.5,1.0,0.25,0.04497731337533683,0.13076377922915983,0.02391771452281811,product,0.10684606470634171
4,0.5,1.0,0.5,0.08995462675067366,0.2578178148010852,0.044194173824159216,product,0.21362364097692596
4,0.5,1.0,0.75,0.13493194012601048,0.37772930641312547,0.05774247078195542,product,0.31998683563117003
4,0.5,1.0,1.0,0.17990925350134732,0.48759257236758524,0.0625,product,0.42509257236758524
4,0.7,0.5,0.25,0.04497731337533683,0.06823709260031281,0.005742643256928627,product,0.06249444934338418
4,0.7,0.5,0.5,0.08995462675067366,0.13535120237801787,0.010611021135180625,product,0.12474018124283724
4,0.7,0.5,0.75,0.13493194012601048,0.20027589573473087,0.013863967234747494,product,0.18641192849998336
4,0.7,0.5,1.0,0.17990925350134732,0.2620520067862582,0.015006249999999997,product,0.24704575678625817
4,0.7,0.7,0.25,0.04497731337533683,0.10061705840857167,0.022060938335817012,product,0.07855612007275466
4,0.7,0.7,0.5,0.08995462675067366,0.19889332105931,0.04076329879290989,product,0.15813002226640013
4,0.7,0.7,0.75,0.13493194012601048,0.29265740577177424,0.053259816529005966,product,0.23939758924276827
4,0.7,0.7,1.0,0.17990925350134732,0.3800567593439928,0.05764800999999998,product,0.32240874934399283
4,0.7,0.9,0.25,0.04497731337533683,0.13858349662489938,0.06028397185393396,product,0.07829952477096543
4,0.7,0.9,0.5,0.08995462675067366,0.2726886267197251,0.11139025546867214,product,0.16129837125105295
4,0.7,0.9,0.75,0.13493194012601048,0.3982349771434284,0.14553838244348527,product,0.25269659469994316
4,0.7,0.9,1.0,0.17990925350134732,0.5118902177339562,0.15752960999999996,product,0.35436060773395617
4,0.7,1.0,0.25,0.04497731337533683,0.16027183931644695,0.09188229211085804,product,0.06838954720558892
4,0.7,1.0,0.5,0.08995462675067366,0.3145359807384248,0.16977633816289,product,0.1447596425755348
4,0.7,1.0,0.75,0.13493194012601048,0.4573544231623297,0.2218234757559599,product,0.23553094740636982
4,0.7,1.0,1.0,0.17990925350134732,0.5843605721475225,0.24009999999999995,product,0.3442605721475225
4,0.9,0.5,0.25,0.04497731337533683,0.07757222205053366,0.015692412498420964,product,0.0618798095521127
4,0.9,0.5,0.5,0.08995462675067366,0.15371097185573357,0.028995797446030862,product,0.1247151744097027
4,0.9,0.5,0.75,0.13493194012601048,0.22706633448280222,0.03788483508004095,product,0.18918149940276127
4,0.9,0.5,1.0,0.17990925350134732,0.29644586144082363,0.04100625,product,0.2554396114408236
4,0.9,0.7,0.25,0.04497731337533683,0.11505967015436552,0.06028397185393396,product,0.054775698300431566
4,0.9,0.7,0.5,0.08995462675067366,0.22697847601860544,0.11139025546867214,product,0.1155882205499333
4,0.9,0.7,0.75,0.13493194012601048,0.33288337038492344,0.14553838244348527,product,0.18734498794143817
4,0.9,0.7,1.0,0.17990925350134732,0.43040010350979147,0.15752960999999996,product,0.27287049350979153
4,0.9,0.9,0.25,0.04497731337533683,0.1589935602374013,0.1647326694434239,GHZ,0.005739109206022608
4,0.9,0.9,0.5,0.08995462675067366,0.3116846536412764,0.3043862832694536,product,0.007298370371822793
4,0.9,0.9,0.75,0.13493194012601048,0.45244276606451883,0.39769984473623793,product,0.0547429213282809
4,0.9,0.9,1.0,0.17990925350134732,0.5768861067863394,0.43046721000000004,product,0.1464188967863394
4,0.9,1.0,0.25,0.04497731337533683,0.184034899700215,0.2510785999747354,GHZ,0.06704370027452042
4,0.9,1.0,0.5,0.08995462675067366,0.35941898800085975,0.4639327591364938,GHZ,0.10451377113563404
4,0.9,1.0,0.75,0.13493194012601048,0.5184917265000031,0.6061573612806552,GHZ,0.08766563478065215
4,0.9,1.0,1.0,0.17990925350134732,0.6554338511349764,0.6561,GHZ,0.0006661488650235858
4,1.0,0.5,0.25,0.04497731337533683,0.08082072889534364,0.02391771452281811,product,0.056903014372525526
4,1.0,0.5,0.5,0.08995462675067366,0.1600409160311069,0.044194173824159216,product,0.11584674220694768
4,1.0,0.5,0.75,0.13493194012601048,0.2361591318058059,0.05774247078195542,product,0.17841666102385045
4,1.0,0.5,1.0,0.17990925350134732,0.3078602985602263,0.0625,product,0.2453602985602263
4,1.0,0.7,0.25,0.04497731337533683,0.12102048301278955,0.09188229211085804,product,0.02913819090193151
4,1.0,0.7,0.5,0.08995462675067366,0.23846880611517324,0.16977633816289,product,0.06869246795228323
4,1.0,0.7,0.75,0.13493194012601048,0.3490978265203183,0.2218234757559599,product,0.1272743507643584
4,1.0,0.7,1.0,0.17990925350134732,0.4502628170093338,0.24009999999999995,product,0.21016281700933384
4,1.0,0.9,0.25,0.04497731337533683,0.16803482582253307,0.2510785999747354,GHZ,0.08304377415220235
4,1.0,0.9,0.5,0.08995462675067366,0.32878465262929724,0.4639327591364938,GHZ,0.13514810650719655
4,1.0,0.9,0.75,0.13493194012601048,0.4758034008552851,0.6061573612806552,GHZ,0.13035396042537012
4,1.0,0.9,1.0,0.17990925350134732,0.6041952807321024,0.6561,GHZ,0.05190471926789764
4,1.0,1.0,0.25,0.04497731337533683,0.19462571667129128,0.3826834323650898,GHZ,0.1880577156937985
4,1.0,1.0,0.5,0.08995462675067366,0.3791673530499912,0.7071067811865475,GHZ,0.32793942813655624
4,1.0,1.0,0.75,0.13493194012601048,0.5447935027529248,0.9238795325112867,GHZ,0.3790860297583619
4,1.0,1.0,1.0,0.17990925350134732,0.6849890196602021,1.0,GHZ,0.3150109803397979
