mean_mode_loss,phase_parameter_sigma,repetition,response_rank,response_minimum_singular_value,completeness_residual,minimum_effect_eigenvalue,maximum_effect_error_from_ideal_detector_model,mean_realized_transmission
0.0,0.0,0,5,0.24048057173033838,2.237605234578297e-16,0.018957956239281776,8.500096043318654e-16,1.0
0.0,0.0,1,5,0.24048057173033838,2.237605234578297e-16,0.018957956239281776,8.500096043318654e-16,1.0
0.0,0.0,2,5,0.24048057173033838,2.237605234578297e-16,0.018957956239281776,8.500096043318654e-16,1.0
0.0,0.0,3,5,0.24048057173033838,2.237605234578297e-16,0.018957956239281776,8.500096043318654e-16,1.0
0.0,0.0,4,5,0.24048057173033838,2.237605234578297e-16,0.018957956239281776,8.500096043318654e-16,1.0
0.0,0.0,5,5,0.24048057173033838,2.237605234578297e-16,0.018957956239281776,8.500096043318654e-16,1.0
0.0,0.0,6,5,0.24048057173033838,2.237605234578297e-16,0.018957956239281776,8.500096043318654e-16,1.0
0.0,0.0,7,5,0.24048057173033838,2.237605234578297e-16,0.018957956239281776,8.500096043318654e-16,1.0
0.0,0.0,8,5,0.24048057173033838,2.237605234578297e-16,0.018957956239281776,8.500096043318654e-16,1.0
0.0,0.0,9,5,0.24048057173033838,2.237605234578297e-16,0.018957956239281776,8.500096043318654e-16,1.0
0.0,0.0,10,5,0.24048057173033838,2.237605234578297e-16,0.018957956239281776,8.500096043318654e-16,1.0
0.0,0.0,11,5,0.24048057173033838,2.237605234578297e-16,0.018957956239281776,8.500096043318654e-16,1.0
0.0,0.0001,0,5,0.2404572238108412,1.2386584459599027e-16,0.018955527819351094,0.00032205541631023674,1.0
0.0,0.0001,1,5,0.2404276945574327,2.2524141000570635e-16,0.01896061518177269,0.00027609741901403457,1.0
0.0,0.0001,2,5,0.24043994620480544,2.2300892501926235e-16,0.018965251549631103,0.000319045640162007,1.0
0.0,0.0001,3,5,0.24051459217988513,2.305000104514151e-16,0.018928487118356388,0.00026862457275875207,1.0
0.0,0.0001,4,5,0.2404942006384618,2.3504087457346883e-16,0.018973916130244056,0.0002805092147540083,1.0
0.0,0.0001,5,5,0.24045462355360883,2.240397260058907e-16,0.01892816911522621,0.00029216059100982633,1.0
0.0,0.0001,6,5,0.24055129529919178,2.242506585191781e-16,0.018970401136054554,0.00030431048566121574,1.0
0.0,0.0001,7,5,0.24053646653416738,2.3525307232509466e-16,0.01894784269076001,0.00027997741933849957,1.0
0.0,0.0001,8,5,0.24053448847638098,2.241227912256655e-16,0.01895583516806478,0.00027649120744485716,1.0
0.0,0.0001,9,5,0.24045345287503775,2.328292847943933e-16,0.018959172023296,0.0002832490924257037,1.0
0.0,0.0001,10,5,0.24043777534056693,2.2430867167362085e-16,0.018938769914789,0.0002514104021406835,1.0
0.0,0.0001,11,5,0.2404163406690293,2.299351234607642e-16,0.018950756894885252,0.0003286987868891951,1.0
0.0,0.001,0,5,0.2405399325854316,2.2690711525010815e-16,0.01909226662732328,0.002777569218792083,1.0
0.0,0.001,1,5,0.23976085774508024,2.3627745278545206e-16,0.018761315648257143,0.0026964431041282466,1.0
0.0,0.001,2,5,0.2401619948311713,2.258771010779724e-16,0.019128423965137656,0.0028410290513553567,1.0
0.0,0.001,3,5,0.24020811869973455,2.2400877734180434e-16,0.019299384797652207,0.0033898952847991716,1.0
0.0,0.001,4,5,0.24050073728662422,2.2543386991554676e-16,0.01900470838151056,0.0035512159612459838,1.0
0.0,0.001,5,5,0.23989902092245804,2.2514470136818136e-16,0.019122009415468114,0.00296731623466636,1.0
0.0,0.001,6,5,0.24023924447788234,2.3326410356789547e-16,0.018619006849526908,0.002992838454574512,1.0
0.0,0.001,7,5,0.24145786394882204,2.2349311258570485e-16,0.019192999076941105,0.002865808138748851,1.0
0.0,0.001,8,5,0.24011061029665706,2.236937291792253e-16,0.018794221470572935,0.0027481254060183202,1.0
0.0,0.001,9,5,0.24075349296709186,3.335160540615427e-16,0.019267229881508464,0.0029971086156595863,1.0
0.0,0.001,10,5,0.24019471901760162,2.2963515306722847e-16,0.019060885856226166,0.003140250484971357,1.0
0.0,0.001,11,5,0.23955624420810193,2.4483377096090983e-16,0.019084609720159046,0.003222994072399988,1.0
0.01,0.0,0,5,0.23780463533926757,2.419501729173157e-16,0.018754374991236163,0.01177902309843172,0.9889560299489261
0.01,0.0,1,5,0.23803619340588,2.258539181442306e-16,0.018763355841861704,0.010672783786872038,0.9898445323246077
0.01,0.0,2,5,0.23791174492815856,2.229603500275594e-16,0.018772237275438385,0.01059209382115829,0.9893395334881051
0.01,0.0,3,5,0.23809343721234896,2.3020493751069205e-16,0.018774302278488583,0.01172619065729435,0.9901515385662313
0.01,0.0,4,5,0.23794002031680492,2.2919219463010843e-16,0.01877550163954105,0.01051656345892102,0.9894919006533234
0.01,0.0,5,5,0.23776604623971823,2.2401253797654175e-16,0.018736355575468197,0.013298929745488923,0.9887742646159023
0.01,0.0,6,5,0.23787097172198324,2.2384391289259304e-16,0.018761814314948326,0.011281669016791101,0.9891966425674887
0.01,0.0,7,5,0.2379330298733871,2.279285660905278e-16,0.01875790682506839,0.011304901710681695,0.9894289583707186
0.01,0.0,8,5,0.23775130113126433,2.2410696478621723e-16,0.018744625649623453,0.01188820232024464,0.988742782400795
0.01,0.0,9,5,0.2377596996911217,2.283178014366023e-16,0.01875480658157331,0.011489968108371216,0.9886927839988289
0.01,0.0,10,5,0.23788914507632727,2.245506472420933e-16,0.018748457582548346,0.012040753865142811,0.9892431973296232
0.01,0.0,11,5,0.23788611793331668,2.233810819977117e-16,0.0187468383205351,0.01232210353621566,0.9892218426336536
0.01,0.0001,0,5,0.23775610783227644,2.286066601660897e-16,0.018744969911166268,0.012133546645508569,0.9888475537911804
0.01,0.0001,1,5,0.23793839862523528,2.320680293040826e-16,0.01874722184300271,0.011447888973635776,0.9894831994021741
0.01,0.0001,2,5,0.23783418526052838,2.2554199697938197e-16,0.018747414685342467,0.011003267429201739,0.9890812346523035
0.01,0.0001,3,5,0.2379341706262883,2.3012994731973085e-16,0.018752001211504273,0.011313475789239143,0.9894477289823939
0.01,0.0001,4,5,0.2379001544744618,2.403116752893344e-16,0.01876357790521359,0.0108152628468087,0.9893879403598452
0.01,0.0001,5,5,0.2379077570408019,2.262288179838458e-16,0.018742365677547126,0.011246653519893174,0.9892144211500893
0.01,0.0001,6,5,0.23769314796709415,2.3150334402946424e-16,0.01873188204006676,0.012222076375721622,0.9888441772260771
0.01,0.0001,7,5,0.2376346524353705,2.2400941397380923e-16,0.01876527393706424,0.011931423136107828,0.988551026765224
0.01,0.0001,8,5,0.23782867698667584,2.3035556425812756e-16,0.01875688450089337,0.011244606758971622,0.9891116348386976
0.01,0.0001,9,5,0.2380841135763264,2.3143967522597254e-16,0.01878224805119027,0.011133599606136179,0.9899803007140042
0.01,0.0001,10,5,0.2381358807343268,1.2644337515199942e-16,0.018779126738160255,0.011083798209492382,0.9902227839503657
0.01,0.0001,11,5,0.23787044300869586,2.2565008104228105e-16,0.01870490997650229,0.012133050591930048,0.9893428989227849
0.01,0.001,0,5,0.23844099785015152,2.2881235424231126e-16,0.01840316473684445,0.013085844603233263,0.989147246608396
0.01,0.001,1,5,0.2378734062599713,2.2840617294190553e-16,0.018183000647301113,0.011312894970458435,0.989736559089279
0.01,0.001,2,5,0.23807700004023064,2.4847813763488943e-16,0.01871542374403252,0.010999916096296173,0.9894663263854471
0.01,0.001,3,5,0.23726147139409987,2.234838029114178e-16,0.01914899765617419,0.01187541235686412,0.9894835031561612
0.01,0.001,4,5,0.23720869881311457,2.280773604188444e-16,0.01895603370730238,0.011734978495317756,0.9892246215558634
0.01,0.001,5,5,0.23806736286803676,2.233508676769489e-16,0.018780023342479763,0.012296045371340387,0.9895051590085677
0.01,0.001,6,5,0.2380850150163749,4.445740515314026e-16,0.018645020144486258,0.0116136567322598,0.9894668788078873
0.01,0.001,7,5,0.23745075893083126,2.34465075678146e-16,0.01876029942756293,0.012299775180317081,0.9888240115154048
0.01,0.001,8,5,0.23797829486021727,3.3636630811385734e-16,0.019015544282156526,0.010471931607331383,0.9897414465758231
0.01,0.001,9,5,0.23746208390066817,2.2396776660410805e-16,0.01895429914520002,0.010983843767128139,0.9891819167914677
0.01,0.001,10,5,0.23831857531437398,2.2413337797405555e-16,0.018676182535971073,0.010818898041984486,0.9899633925134902
0.01,0.001,11,5,0.23766131843895963,2.2458351552388455e-16,0.018846080546121028,0.009910456811133284,0.9899830063881245
0.03,0.0,0,5,0.23302022555747925,2.3153223382810184e-16,0.018377705225177433,0.03140229716389412,0.9692642823269559
0.03,0.0,1,5,0.23347611807087004,3.343947446462716e-16,0.01839902486279521,0.03230036915432395,0.9709971264265066
0.03,0.0,2,5,0.23324429169744224,2.315747881206623e-16,0.018390425021744643,0.034413338123078785,0.9699266418179159
0.03,0.0,3,5,0.23260034642851987,2.333262141113835e-16,0.018320928200841455,0.037118673252205,0.9673253182260836
0.03,0.0,4,5,0.23264245861355243,4.449348156936765e-16,0.018302019493966,0.03247355183720394,0.967782633451044
0.03,0.0,5,5,0.2321221244858093,2.238517381861923e-16,0.018299216093776757,0.039655503520223116,0.9653553804412122
0.03,0.0,6,5,0.23303143861165532,2.335507086961005e-16,0.018383633111169244,0.03259078612354919,0.9694852461793805
0.03,0.0,7,5,0.23295758429181937,2.348744994343897e-16,0.018349593274574104,0.03481339830203021,0.9688365011427299
0.03,0.0,8,5,0.23296561210300581,2.369451835255584e-16,0.018376055400502384,0.035054239631695315,0.9690951911017976
0.03,0.0,9,5,0.23317417392293338,2.2625184173612305e-16,0.01837249234163861,0.03401566955662892,0.969914953086374
0.03,0.0,10,5,0.232489799945637,2.3222980370295575e-16,0.01834926656597499,0.03660428203583488,0.9668469046205175
0.03,0.0,11,5,0.23218882973569746,2.3170115523571813e-16,0.018337157957849858,0.039013819403254574,0.9664986151913847
0.03,0.0001,0,5,0.23235584031539652,2.330393196053277e-16,0.018227138861928355,0.045969687819867974,0.9669528363212699
0.03,0.0001,1,5,0.23274668194827117,2.275884816543446e-16,0.018349289770780434,0.03936981651983386,0.9679491355656453
0.03,0.0001,2,5,0.23260603803096483,2.3485434347853765e-16,0.018409032431016728,0.0366194988729708,0.9677568277070026
0.03,0.0001,3,5,0.23290896548333626,2.2545296083743783e-16,0.018440453884812996,0.03416983305063261,0.9690314670712223
0.03,0.0001,4,5,0.23248699127512168,1.147566367825816e-16,0.01836697438907814,0.034932666327938705,0.9669359246236403
0.03,0.0001,5,5,0.23223912969353883,2.3251572292785406e-16,0.01836145602221326,0.035297801453242864,0.9661977519689537
0.03,0.0001,6,5,0.23230911288172637,2.3243020928751604e-16,0.018282249483157487,0.039781698177282755,0.9660779881940282
0.03,0.0001,7,5,0.2330524677158178,2.2727886980752284e-16,0.01830407089820221,0.03582825104877095,0.969237476611771
0.03,0.0001,8,5,0.2330990396411473,2.284141141731611e-16,0.018317416985086366,0.03287283706385357,0.9702457402447057
0.03,0.0001,9,5,0.23277602280254323,2.311022134587603e-16,0.018326340349659867,0.034548360649235506,0.9680929638918234
0.03,0.0001,10,5,0.2325889869362835,2.2570891171732507e-16,0.01835833813509418,0.03964892708967682,0.9676069607121612
0.03,0.0001,11,5,0.23286349301650394,2.2862939251711443e-16,0.018377781859628853,0.03322859118973516,0.969115991415655
0.03,0.001,0,5,0.23340376885083935,2.250546470332675e-16,0.01843555184766147,0.030456232805079943,0.971284985512837
0.03,0.001,1,5,0.23243703969128307,2.2432085764736213e-16,0.01833137164012534,0.03332807874799054,0.9680609941468163
0.03,0.001,2,5,0.23237031229580352,2.3910516573321923e-16,0.018298645479594873,0.033820458386857044,0.9675586628233166
0.03,0.001,3,5,0.23383869951760256,2.3226487506492267e-16,0.018191765427841088,0.030760692201818287,0.9694041370130017
0.03,0.001,4,5,0.2316967072687082,2.3208197640508084e-16,0.01865388949450176,0.037514487105322965,0.9657917669400449
0.03,0.001,5,5,0.23363789339351224,2.2474719387483464e-16,0.018164627947640975,0.03420086794858903,0.9684730974153081
0.03,0.001,6,5,0.23272794562341723,2.2437109460921954e-16,0.018408279755808967,0.02980112734596857,0.9693687983813825
0.03,0.001,7,5,0.23220594121571683,3.874745781906286e-17,0.018507095235293106,0.03413773364953545,0.9695814638817328
0.03,0.001,8,5,0.23238430627204767,4.45419413909179e-16,0.018363781343343617,0.03662260624987102,0.9653988858872431
0.03,0.001,9,5,0.2330489484098431,2.236331017960377e-16,0.01835404208825178,0.03641348316966787,0.9692571335510229
0.03,0.001,10,5,0.2318337056243148,2.2590681806328735e-16,0.018312322788445905,0.033848302151516726,0.9678581773663161
0.03,0.001,11,5,0.2334464192743246,2.389870949709316e-16,0.018542641890337448,0.032417868427879006,0.9691589034999564
0.08,0.0,0,5,0.2204554117296339,2.2663996673365267e-16,0.017297103525620278,0.09359191770018199,0.9172337886649952
0.08,0.0,1,5,0.2202624840501198,2.242049480631891e-16,0.017492512792656095,0.09028410564826904,0.9163935785791525
0.08,0.0,2,5,0.21970275741701767,1.1762034266760604e-16,0.017272811880514966,0.08599417764747612,0.9160014942944107
0.08,0.0,3,5,0.22020316859273986,2.241083514382551e-16,0.017468418869903978,0.09316863051998824,0.918397890672422
0.08,0.0,4,5,0.21734366031437546,2.3473582059741966e-16,0.017353181346379823,0.09408879957494781,0.910450072490363
0.08,0.0,5,5,0.21963313548636773,2.2580182103249015e-16,0.017341205732044104,0.09515160111771301,0.9133612650307161
0.08,0.0,6,5,0.22146951038320115,2.2422761833239e-16,0.017356149595497146,0.09747012255197665,0.9217162087723629
0.08,0.0,7,5,0.2197952159613082,2.257383182319907e-16,0.0173564088267526,0.09938329758663461,0.9168202983293843
0.08,0.0,8,5,0.2185333545342602,2.435888488188701e-16,0.017162529646494815,0.08676286148315132,0.9147422132043554
0.08,0.0,9,5,0.21951349008972745,2.3252456579657917e-16,0.01727574713213941,0.09369324804056954,0.9140296838265355
0.08,0.0,10,5,0.21885161239665415,2.2741061787394873e-16,0.017222463909057517,0.09498559138666922,0.915334089130571
0.08,0.0,11,5,0.2197849358011698,2.2418209110636193e-16,0.017277881457254292,0.09269289280911688,0.9147155504980213
0.08,0.0001,0,5,0.21956514938600605,2.3544045437896763e-16,0.01736983200340557,0.08619540412945245,0.9146636670395298
0.08,0.0001,1,5,0.2177944591841181,2.2330994291939014e-16,0.017503672816153636,0.09356190972750365,0.9136543246286313
0.08,0.0001,2,5,0.22077804615915017,3.338437735928014e-16,0.017407413988411252,0.09060356697630524,0.9189866454271834
0.08,0.0001,3,5,0.21915808953183313,2.2812580183136454e-16,0.01726897417324619,0.09286108891412918,0.9122067174747319
0.08,0.0001,4,5,0.21991851277502075,2.380351730283851e-16,0.01733218288048026,0.08532147148763684,0.9168668040985115
0.08,0.0001,5,5,0.2211359003661369,2.229380342069699e-16,0.017211705606779162,0.0876382347848068,0.9204966536423282
0.08,0.0001,6,5,0.21780882193962994,4.450860170541177e-16,0.01711800803097941,0.09268067257196283,0.9102880419166096
0.08,0.0001,7,5,0.22051964613373432,2.3419668170551994e-16,0.01736301581001927,0.08678143104569,0.9172842594148831
0.08,0.0001,8,5,0.21911348257534405,2.2767181391120237e-16,0.017174567182891422,0.09209495382365143,0.9129661333779756
0.08,0.0001,9,5,0.22002316835201652,2.2420927545987803e-16,0.017497250202964214,0.08338582954596374,0.917686407798414
0.08,0.0001,10,5,0.2201513135421321,2.301792367277616e-16,0.017260654778305462,0.08852786694209126,0.9183081407315312
0.08,0.0001,11,5,0.21677537988385542,4.447348651076077e-16,0.016952026547422224,0.10176304692146713,0.9063432468483844
0.08,0.001,0,5,0.21936266169192306,2.2314642530514973e-16,0.017067605039212876,0.10375624067896981,0.9152782364858459
0.08,0.001,1,5,0.22079261719345403,2.2847085756866535e-16,0.017520020154691042,0.0955642039647257,0.9168369078876447
0.08,0.001,2,5,0.21765544647896368,2.256752843843803e-16,0.017224780624797154,0.09448768420774874,0.9106018221108125
0.08,0.001,3,5,0.21806667153136325,2.250971463791561e-16,0.017456818840624784,0.09773324224297278,0.9149769603368847
0.08,0.001,4,5,0.2189081414991612,2.2629461143523626e-16,0.017164025047232155,0.09532154283698442,0.9123782927625557
0.08,0.001,5,5,0.21972384356528016,2.3026541306236995e-16,0.017317476723146603,0.10721982186602458,0.9154406906407022
0.08,0.001,6,5,0.21871528244934688,2.3421005434235724e-16,0.017087341795792382,0.0994661967341362,0.9128510942557829
0.08,0.001,7,5,0.21829864878381144,2.325417208425635e-16,0.017030972235736,0.10190542505898458,0.9124720578349204
0.08,0.001,8,5,0.2188305670370546,2.3141936262532395e-16,0.017465239284744083,0.09415317418907881,0.9140782925855083
0.08,0.001,9,5,0.2167368593873225,2.243226172113045e-16,0.017088735575316198,0.10721669176777869,0.9055890227196035
0.08,0.001,10,5,0.22049813127515555,2.475286568425201e-16,0.01727925511063847,0.08670101221334178,0.9204459603213048
0.08,0.001,11,5,0.22156852697129542,2.311901136524853e-16,0.01732360579564192,0.08675510836560962,0.9186861037345582
