source_graph_index,target_graph_index,source_vertices,target_vertices,source_edges,target_edges,graph_homomorphisms,isometric_embeddings,strict_kernel_preserving_maps
0,0,2,2,1,1,2,2,2
0,1,2,3,1,2,4,4,4
0,2,2,3,1,3,6,6,6
0,3,2,4,1,3,6,6,6
0,4,2,4,1,3,6,6,6
0,5,2,4,1,4,8,8,8
0,6,2,4,1,4,8,8,8
0,7,2,4,1,5,10,10,10
0,8,2,4,1,6,12,12,12
0,9,2,5,1,4,8,8,8
0,10,2,5,1,4,8,8,8
0,11,2,5,1,4,8,8,8
0,12,2,5,1,5,10,10,10
0,13,2,5,1,5,10,10,10
0,14,2,5,1,5,10,10,10
0,15,2,5,1,5,10,10,10
0,16,2,5,1,5,10,10,10
0,17,2,5,1,6,12,12,12
0,18,2,5,1,6,12,12,12
0,19,2,5,1,6,12,12,12
0,20,2,5,1,6,12,12,12
0,21,2,5,1,6,12,12,12
0,22,2,5,1,7,14,14,14
0,23,2,5,1,7,14,14,14
0,24,2,5,1,7,14,14,14
0,25,2,5,1,7,14,14,14
0,26,2,5,1,8,16,16,16
0,27,2,5,1,8,16,16,16
0,28,2,5,1,9,18,18,18
0,29,2,5,1,10,20,20,20
1,0,3,2,2,1,2,0,0
1,1,3,3,2,2,6,2,2
1,2,3,3,2,3,12,0,0
1,3,3,4,2,3,12,6,6
1,4,3,4,2,3,10,4,4
1,5,3,4,2,4,18,4,4
1,6,3,4,2,4,16,8,8
1,7,3,4,2,5,26,4,4
1,8,3,4,2,6,36,0,0
1,9,3,5,2,4,20,12,12
1,10,3,5,2,4,16,8,8
1,11,3,5,2,4,14,6,6
1,12,3,5,2,5,26,10,10
1,13,3,5,2,5,24,8,8
1,14,3,5,2,5,22,6,6
1,15,3,5,2,5,22,12,12
1,16,3,5,2,5,20,10,10
1,17,3,5,2,6,34,10,10
1,18,3,5,2,6,32,8,8
1,19,3,5,2,6,32,8,8
1,20,3,5,2,6,30,12,12
1,21,3,5,2,6,30,18,18
1,22,3,5,2,7,44,6,6
1,23,3,5,2,7,44,12,12
1,24,3,5,2,7,42,10,10
1,25,3,5,2,7,40,14,14
1,26,3,5,2,8,54,8,8
1,27,3,5,2,8,52,12,12
1,28,3,5,2,9,66,6,6
1,29,3,5,2,10,80,0,0
2,2,3,3,3,3,6,6,6
2,5,3,4,3,4,6,6,6
2,7,3,4,3,5,12,12,12
2,8,3,4,3,6,24,24,24
2,12,3,5,3,5,6,6,6
2,13,3,5,3,5,6,6,6
2,14,3,5,3,5,6,6,6
2,17,3,5,3,6,12,12,12
2,18,3,5,3,6,12,12,12
2,19,3,5,3,6,12,12,12
2,20,3,5,3,6,6,6,6
2,22,3,5,3,7,24,24,24
2,23,3,5,3,7,18,18,18
2,24,3,5,3,7,18,18,18
2,25,3,5,3,7,12,12,12
2,26,3,5,3,8,30,30,30
2,27,3,5,3,8,24,24,24
2,28,3,5,3,9,42,42,42
2,29,3,5,3,10,60,60,60
3,0,4,2,3,1,2,0,0
3,1,4,3,3,2,10,0,0
3,2,4,3,3,3,24,0,0
3,3,4,4,3,3,30,6,6
3,4,4,4,3,3,18,0,0
3,5,4,4,3,4,44,0,0
3,6,4,4,3,4,32,0,0
3,7,4,4,3,5,70,0,0
3,8,4,4,3,6,108,0,0
3,9,4,5,3,4,68,24,24
3,10,4,5,3,4,38,6,6
3,11,4,5,3,4,26,0,0
3,12,4,5,3,5,82,12,12
3,13,4,5,3,5,64,0,0
3,14,4,5,3,5,52,0,0
3,15,4,5,3,5,52,6,6
3,16,4,5,3,5,40,0,0
3,17,4,5,3,6,108,6,6
3,18,4,5,3,6,90,0,0
3,19,4,5,3,6,96,0,0
3,20,4,5,3,6,78,0,0
3,21,4,5,3,6,78,12,12
3,22,4,5,3,7,146,0,0
3,23,4,5,3,7,152,12,12
3,24,4,5,3,7,134,0,0
3,25,4,5,3,7,116,0,0
3,26,4,5,3,8,190,0,0
3,27,4,5,3,8,172,0,0
3,28,4,5,3,9,246,0,0
3,29,4,5,3,10,320,0,0
4,0,4,2,3,1,2,0,0
4,1,4,3,3,2,8,0,0
4,2,4,3,3,3,24,0,0
4,3,4,4,3,3,18,0,0
4,4,4,4,3,3,16,2,2
4,5,4,4,3,4,38,0,0
4,6,4,4,3,4,32,0,0
4,7,4,4,3,5,66,0,0
4,8,4,4,3,6,108,0,0
4,9,4,5,3,4,32,0,0
4,10,4,5,3,4,28,4,4
4,11,4,5,3,4,24,4,4
4,12,4,5,3,5,56,0,0
4,13,4,5,3,5,54,2,2
4,14,4,5,3,5,48,4,4
4,15,4,5,3,5,46,4,4
4,16,4,5,3,5,40,0,0
4,17,4,5,3,6,88,0,0
4,18,4,5,3,6,84,4,4
4,19,4,5,3,6,80,0,0
4,20,4,5,3,6,74,0,0
4,21,4,5,3,6,72,0,0
4,22,4,5,3,7,134,0,0
4,23,4,5,3,7,128,0,0
4,24,4,5,3,7,122,0,0
4,25,4,5,3,7,114,0,0
4,26,4,5,3,8,178,0,0
4,27,4,5,3,8,168,0,0
4,28,4,5,3,9,240,0,0
4,29,4,5,3,10,320,0,0
5,2,4,3,4,3,12,0,0
5,5,4,4,4,4,14,2,2
5,7,4,4,4,5,32,0,0
5,8,4,4,4,6,72,0,0
5,12,4,5,4,5,16,4,4
5,13,4,5,4,5,16,4,4
5,14,4,5,4,5,14,2,2
5,17,4,5,4,6,36,4,4
5,18,4,5,4,6,34,2,2
5,19,4,5,4,6,32,8,8
5,20,4,5,4,6,16,4,4
5,22,4,5,4,7,78,6,6
5,23,4,5,4,7,60,0,0
5,24,4,5,4,7,56,4,4
5,25,4,5,4,7,36,4,4
5,26,4,5,4,8,104,4,4
5,27,4,5,4,8,80,0,0
5,28,4,5,4,9,156,0,0
5,29,4,5,4,10,240,0,0
6,0,4,2,4,1,2,0,0
6,1,4,3,4,2,8,0,0
6,2,4,3,4,3,18,0,0
6,3,4,4,4,3,18,0,0
6,4,4,4,4,3,14,0,0
6,5,4,4,4,4,28,0,0
6,6,4,4,4,4,32,8,8
6,7,4,4,4,5,50,0,0
6,8,4,4,4,6,84,0,0
6,9,4,5,4,4,32,0,0
6,10,4,5,4,4,24,0,0
6,11,4,5,4,4,20,0,0
6,12,4,5,4,5,42,0,0
6,13,4,5,4,5,38,0,0
6,14,4,5,4,5,34,0,0
6,15,4,5,4,5,42,8,8
6,16,4,5,4,5,30,0,0
6,17,4,5,4,6,64,0,0
6,18,4,5,4,6,60,0,0
6,19,4,5,4,6,52,0,0
6,20,4,5,4,6,56,8,8
6,21,4,5,4,6,72,24,24
6,22,4,5,4,7,98,0,0
6,23,4,5,4,7,98,0,0
6,24,4,5,4,7,86,0,0
6,25,4,5,4,7,90,16,16
6,26,4,5,4,8,132,0,0
6,27,4,5,4,8,128,8,8
6,28,4,5,4,9,186,0,0
6,29,4,5,4,10,260,0,0
7,2,4,3,5,3,6,0,0
7,5,4,4,5,4,6,0,0
7,7,4,4,5,5,16,4,4
7,8,4,4,5,6,48,0,0
7,12,4,5,5,5,6,0,0
7,13,4,5,5,5,6,0,0
7,14,4,5,5,5,6,0,0
7,17,4,5,5,6,16,4,4
7,18,4,5,5,6,16,4,4
7,19,4,5,5,6,12,0,0
7,20,4,5,5,6,6,0,0
7,22,4,5,5,7,48,0,0
7,23,4,5,5,7,30,12,12
7,24,4,5,5,7,26,8,8
7,25,4,5,5,7,16,4,4
7,26,4,5,5,8,62,8,8
7,27,4,5,5,8,40,16,16
7,28,4,5,5,9,102,12,12
7,29,4,5,5,10,180,0,0
8,8,4,4,6,6,24,24,24
8,22,4,5,6,7,24,24,24
8,26,4,5,6,8,24,24,24
8,28,4,5,6,9,48,48,48
8,29,4,5,6,10,120,120,120
9,0,5,2,4,1,2,0,0
9,1,5,3,4,2,18,0,0
9,2,5,3,4,3,48,0,0
9,3,5,4,4,3,84,0,0
9,4,5,4,4,3,34,0,0
9,5,5,4,4,4,114,0,0
9,6,5,4,4,4,64,0,0
9,7,5,4,4,5,194,0,0
9,8,5,4,4,6,324,0,0
9,9,5,5,4,4,260,24,24
9,10,5,5,4,4,100,0,0
9,11,5,5,4,4,50,0,0
9,12,5,5,4,5,290,0,0
9,13,5,5,4,5,180,0,0
9,14,5,5,4,5,130,0,0
9,15,5,5,4,5,130,0,0
9,16,5,5,4,5,80,0,0
9,17,5,5,4,6,370,0,0
9,18,5,5,4,6,260,0,0
9,19,5,5,4,6,320,0,0
9,20,5,5,4,6,210,0,0
9,21,5,5,4,6,210,0,0
9,22,5,5,4,7,500,0,0
9,23,5,5,4,7,560,0,0
9,24,5,5,4,7,450,0,0
9,25,5,5,4,7,340,0,0
9,26,5,5,4,8,690,0,0
9,27,5,5,4,8,580,0,0
9,28,5,5,4,9,930,0,0
9,29,5,5,4,10,1280,0,0
10,0,5,2,4,1,2,0,0
10,1,5,3,4,2,12,0,0
10,2,5,3,4,3,48,0,0
10,3,5,4,4,3,36,0,0
10,4,5,4,4,3,28,0,0
10,5,5,4,4,4,88,0,0
10,6,5,4,4,4,64,0,0
10,7,5,4,4,5,174,0,0
10,8,5,4,4,6,324,0,0
10,9,5,5,4,4,80,0,0
10,10,5,5,4,4,60,2,2
10,11,5,5,4,4,44,0,0
10,12,5,5,4,5,152,0,0
10,13,5,5,4,5,138,0,0
10,14,5,5,4,5,112,0,0
10,15,5,5,4,5,104,0,0
10,16,5,5,4,5,80,0,0
10,17,5,5,4,6,260,0,0
10,18,5,5,4,6,234,0,0
10,19,5,5,4,6,224,0,0
10,20,5,5,4,6,190,0,0
10,21,5,5,4,6,180,0,0
10,22,5,5,4,7,434,0,0
10,23,5,5,4,7,416,0,0
10,24,5,5,4,7,378,0,0
10,25,5,5,4,7,330,0,0
10,26,5,5,4,8,614,0,0
10,27,5,5,4,8,552,0,0
10,28,5,5,4,9,888,0,0
10,29,5,5,4,10,1280,0,0
11,0,5,2,4,1,2,0,0
11,1,5,3,4,2,12,0,0
11,2,5,3,4,3,48,0,0
11,3,5,4,4,3,36,0,0
11,4,5,4,4,3,26,0,0
11,5,5,4,4,4,84,0,0
11,6,5,4,4,4,64,0,0
11,7,5,4,4,5,170,0,0
11,8,5,4,4,6,324,0,0
11,9,5,5,4,4,80,0,0
11,10,5,5,4,4,54,0,0
11,11,5,5,4,4,42,2,2
11,12,5,5,4,5,140,0,0
11,13,5,5,4,5,126,0,0
11,14,5,5,4,5,106,0,0
11,15,5,5,4,5,100,0,0
11,16,5,5,4,5,80,0,0
11,17,5,5,4,6,242,0,0
11,18,5,5,4,6,222,0,0
11,19,5,5,4,6,208,0,0
11,20,5,5,4,6,184,0,0
11,21,5,5,4,6,180,0,0
11,22,5,5,4,7,416,0,0
11,23,5,5,4,7,392,0,0
11,24,5,5,4,7,360,0,0
11,25,5,5,4,7,326,0,0
11,26,5,5,4,8,594,0,0
11,27,5,5,4,8,544,0,0
11,28,5,5,4,9,876,0,0
11,29,5,5,4,10,1280,0,0
12,2,5,3,5,3,24,0,0
12,5,5,4,5,4,34,0,0
12,7,5,4,5,5,88,0,0
12,8,5,4,5,6,216,0,0
12,12,5,5,5,5,48,4,4
12,13,5,5,5,5,44,0,0
12,14,5,5,5,5,34,0,0
12,17,5,5,5,6,116,0,0
12,18,5,5,5,6,98,0,0
12,19,5,5,5,6,96,0,0
12,20,5,5,5,6,44,0,0
12,22,5,5,5,7,258,0,0
12,23,5,5,5,7,216,0,0
12,24,5,5,5,7,184,0,0
12,25,5,5,5,7,108,0,0
12,26,5,5,5,8,372,0,0
12,27,5,5,5,8,272,0,0
12,28,5,5,5,9,588,0,0
12,29,5,5,5,10,960,0,0
13,2,5,3,5,3,24,0,0
13,5,5,4,5,4,32,0,0
13,7,5,4,5,5,84,0,0
13,8,5,4,5,6,216,0,0
13,12,5,5,5,5,40,0,0
13,13,5,5,5,5,42,2,2
13,14,5,5,5,5,32,0,0
13,17,5,5,5,6,104,0,0
13,18,5,5,5,6,96,0,0
13,19,5,5,5,6,80,0,0
13,20,5,5,5,6,42,0,0
13,22,5,5,5,7,252,0,0
13,23,5,5,5,7,192,0,0
13,24,5,5,5,7,170,0,0
13,25,5,5,5,7,108,0,0
13,26,5,5,5,8,356,0,0
13,27,5,5,5,8,264,0,0
13,28,5,5,5,9,576,0,0
13,29,5,5,5,10,960,0,0
14,2,5,3,5,3,24,0,0
14,5,5,4,5,4,30,0,0
14,7,5,4,5,5,80,0,0
14,8,5,4,5,6,216,0,0
14,12,5,5,5,5,36,0,0
14,13,5,5,5,5,36,0,0
14,14,5,5,5,5,32,2,2
14,17,5,5,5,6,92,0,0
14,18,5,5,5,6,90,0,0
14,19,5,5,5,6,80,0,0
14,20,5,5,5,6,40,0,0
14,22,5,5,5,7,240,0,0
14,23,5,5,5,7,168,0,0
14,24,5,5,5,7,160,0,0
14,25,5,5,5,7,104,0,0
14,26,5,5,5,8,340,0,0
14,27,5,5,5,8,256,0,0
14,28,5,5,5,9,564,0,0
14,29,5,5,5,10,960,0,0
15,0,5,2,5,1,2,0,0
15,1,5,3,5,2,12,0,0
15,2,5,3,5,3,36,0,0
15,3,5,4,5,3,36,0,0
15,4,5,4,5,3,24,0,0
15,5,5,4,5,4,64,0,0
15,6,5,4,5,4,64,0,0
15,7,5,4,5,5,130,0,0
15,8,5,4,5,6,252,0,0
15,9,5,5,5,4,80,0,0
15,10,5,5,5,4,50,0,0
15,11,5,5,5,4,36,0,0
15,12,5,5,5,5,112,0,0
15,13,5,5,5,5,94,0,0
15,14,5,5,5,5,78,0,0
15,15,5,5,5,5,94,2,2
15,16,5,5,5,5,60,0,0
15,17,5,5,5,6,184,0,0
15,18,5,5,5,6,164,0,0
15,19,5,5,5,6,144,0,0
15,20,5,5,5,6,142,0,0
15,21,5,5,5,6,180,0,0
15,22,5,5,5,7,314,0,0
15,23,5,5,5,7,308,0,0
15,24,5,5,5,7,262,0,0
15,25,5,5,5,7,258,0,0
15,26,5,5,5,8,450,0,0
15,27,5,5,5,8,416,0,0
15,28,5,5,5,9,684,0,0
15,29,5,5,5,10,1040,0,0
16,2,5,3,5,3,30,0,0
16,5,5,4,5,4,40,0,0
16,7,5,4,5,5,100,0,0
16,8,5,4,5,6,240,0,0
16,12,5,5,5,5,50,0,0
16,13,5,5,5,5,50,0,0
16,14,5,5,5,5,40,0,0
16,16,5,5,5,5,10,10,10
16,17,5,5,5,6,120,0,0
16,18,5,5,5,6,110,0,0
16,19,5,5,5,6,100,0,0
16,20,5,5,5,6,60,0,0
16,22,5,5,5,7,270,0,0
16,23,5,5,5,7,210,0,0
16,24,5,5,5,7,200,0,0
16,25,5,5,5,7,140,0,0
16,26,5,5,5,8,390,0,0
16,27,5,5,5,8,320,0,0
16,28,5,5,5,9,630,0,0
16,29,5,5,5,10,1020,0,0
17,2,5,3,6,3,12,0,0
17,5,5,4,6,4,14,0,0
17,7,5,4,6,5,44,0,0
17,8,5,4,6,6,144,0,0
17,12,5,5,6,5,16,0,0
17,13,5,5,6,5,16,0,0
17,14,5,5,6,5,14,0,0
17,17,5,5,6,6,50,2,2
17,18,5,5,6,6,46,0,0
17,19,5,5,6,6,32,0,0
17,20,5,5,6,6,16,0,0
17,22,5,5,6,7,156,0,0
17,23,5,5,6,7,108,0,0
17,24,5,5,6,7,84,0,0
17,25,5,5,6,7,48,0,0
17,26,5,5,6,8,220,0,0
17,27,5,5,6,8,136,0,0
17,28,5,5,6,9,384,0,0
17,29,5,5,6,10,720,0,0
18,2,5,3,6,3,12,0,0
18,5,5,4,6,4,14,0,0
18,7,5,4,6,5,40,0,0
18,8,5,4,6,6,144,0,0
18,12,5,5,6,5,16,0,0
18,13,5,5,6,5,16,0,0
18,14,5,5,6,5,14,0,0
18,17,5,5,6,6,44,0,0
18,18,5,5,6,6,44,2,2
18,19,5,5,6,6,32,0,0
18,20,5,5,6,6,16,0,0
18,22,5,5,6,7,156,0,0
18,23,5,5,6,7,84,0,0
18,24,5,5,6,7,76,0,0
18,25,5,5,6,7,48,0,0
18,26,5,5,6,8,208,0,0
18,27,5,5,6,8,128,0,0
18,28,5,5,6,9,372,0,0
18,29,5,5,6,10,720,0,0
19,2,5,3,6,3,12,0,0
19,5,5,4,6,4,12,0,0
19,7,5,4,6,5,40,0,0
19,8,5,4,6,6,144,0,0
19,12,5,5,6,5,12,0,0
19,13,5,5,6,5,12,0,0
19,14,5,5,6,5,12,0,0
19,17,5,5,6,6,40,0,0
19,18,5,5,6,6,40,0,0
19,19,5,5,6,6,32,8,8
19,20,5,5,6,6,12,0,0
19,22,5,5,6,7,144,0,0
19,23,5,5,6,7,84,0,0
19,24,5,5,6,7,76,0,0
19,25,5,5,6,7,40,0,0
19,26,5,5,6,8,204,0,0
19,27,5,5,6,8,128,0,0
19,28,5,5,6,9,372,0,0
19,29,5,5,6,10,720,0,0
20,2,5,3,6,3,18,0,0
20,5,5,4,6,4,22,0,0
20,7,5,4,6,5,60,0,0
20,8,5,4,6,6,168,0,0
20,12,5,5,6,5,26,0,0
20,13,5,5,6,5,26,0,0
20,14,5,5,6,5,22,0,0
20,17,5,5,6,6,68,0,0
20,18,5,5,6,6,64,0,0
20,19,5,5,6,6,52,0,0
20,20,5,5,6,6,28,2,2
20,22,5,5,6,7,180,0,0
20,23,5,5,6,7,126,0,0
20,24,5,5,6,7,114,0,0
20,25,5,5,6,7,76,0,0
20,26,5,5,6,8,254,0,0
20,27,5,5,6,8,192,0,0
20,28,5,5,6,9,438,0,0
20,29,5,5,6,10,780,0,0
21,0,5,2,6,1,2,0,0
21,1,5,3,6,2,12,0,0
21,2,5,3,6,3,30,0,0
21,3,5,4,6,3,36,0,0
21,4,5,4,6,3,22,0,0
21,5,5,4,6,4,54,0,0
21,6,5,4,6,4,64,0,0
21,7,5,4,6,5,110,0,0
21,8,5,4,6,6,204,0,0
21,9,5,5,6,4,80,0,0
21,10,5,5,6,4,46,0,0
21,11,5,5,6,4,32,0,0
21,12,5,5,6,5,98,0,0
21,13,5,5,6,5,78,0,0
21,14,5,5,6,5,64,0,0
21,15,5,5,6,5,88,0,0
21,16,5,5,6,5,50,0,0
21,17,5,5,6,6,154,0,0
21,18,5,5,6,6,134,0,0
21,19,5,5,6,6,116,0,0
21,20,5,5,6,6,120,0,0
21,21,5,5,6,6,180,12,12
21,22,5,5,6,7,248,0,0
21,23,5,5,6,7,266,0,0
21,24,5,5,6,7,210,0,0
21,25,5,5,6,7,226,0,0
21,26,5,5,6,8,360,0,0
21,27,5,5,6,8,352,0,0
21,28,5,5,6,9,558,0,0
21,29,5,5,6,10,860,0,0
22,8,5,4,7,6,72,0,0
22,22,5,5,7,7,78,6,6
22,26,5,5,7,8,84,0,0
22,28,5,5,7,9,180,0,0
22,29,5,5,7,10,480,0,0
23,2,5,3,7,3,6,0,0
23,5,5,4,7,4,6,0,0
23,7,5,4,7,5,24,0,0
23,8,5,4,7,6,96,0,0
23,12,5,5,7,5,6,0,0
23,13,5,5,7,5,6,0,0
23,14,5,5,7,5,6,0,0
23,17,5,5,7,6,24,0,0
23,18,5,5,7,6,24,0,0
23,19,5,5,7,6,12,0,0
23,20,5,5,7,6,6,0,0
23,22,5,5,7,7,96,0,0
23,23,5,5,7,7,66,12,12
23,24,5,5,7,7,42,0,0
23,25,5,5,7,7,24,0,0
23,26,5,5,7,8,138,0,0
23,27,5,5,7,8,72,0,0
23,28,5,5,7,9,258,0,0
23,29,5,5,7,10,540,0,0
24,2,5,3,7,3,6,0,0
24,5,5,4,7,4,6,0,0
24,7,5,4,7,5,20,0,0
24,8,5,4,7,6,96,0,0
24,12,5,5,7,5,6,0,0
24,13,5,5,7,5,6,0,0
24,14,5,5,7,5,6,0,0
24,17,5,5,7,6,20,0,0
24,18,5,5,7,6,20,0,0
24,19,5,5,7,6,12,0,0
24,20,5,5,7,6,6,0,0
24,22,5,5,7,7,96,0,0
24,23,5,5,7,7,42,0,0
24,24,5,5,7,7,36,2,2
24,25,5,5,7,7,20,0,0
24,26,5,5,7,8,126,0,0
24,27,5,5,7,8,64,0,0
24,28,5,5,7,9,246,0,0
24,29,5,5,7,10,540,0,0
25,2,5,3,7,3,12,0,0
25,5,5,4,7,4,14,0,0
25,7,5,4,7,5,40,0,0
25,8,5,4,7,6,120,0,0
25,12,5,5,7,5,16,0,0
25,13,5,5,7,5,16,0,0
25,14,5,5,7,5,14,0,0
25,17,5,5,7,6,44,0,0
25,18,5,5,7,6,42,0,0
25,19,5,5,7,6,32,0,0
25,20,5,5,7,6,16,0,0
25,22,5,5,7,7,126,0,0
25,23,5,5,7,7,84,0,0
25,24,5,5,7,7,72,0,0
25,25,5,5,7,7,48,4,4
25,26,5,5,7,8,172,0,0
25,27,5,5,7,8,128,0,0
25,28,5,5,7,9,312,0,0
25,29,5,5,7,10,600,0,0
26,8,5,4,8,6,48,0,0
26,22,5,5,8,7,48,0,0
26,26,5,5,8,8,52,4,4
26,28,5,5,8,9,120,0,0
26,29,5,5,8,10,360,0,0
27,2,5,3,8,3,6,0,0
27,5,5,4,8,4,6,0,0
27,7,5,4,8,5,20,0,0
27,8,5,4,8,6,72,0,0
27,12,5,5,8,5,6,0,0
27,13,5,5,8,5,6,0,0
27,14,5,5,8,5,6,0,0
27,17,5,5,8,6,20,0,0
27,18,5,5,8,6,20,0,0
27,19,5,5,8,6,12,0,0
27,20,5,5,8,6,6,0,0
27,22,5,5,8,7,72,0,0
27,23,5,5,8,7,42,0,0
27,24,5,5,8,7,34,0,0
27,25,5,5,8,7,20,0,0
27,26,5,5,8,8,94,0,0
27,27,5,5,8,8,64,8,8
27,28,5,5,8,9,186,0,0
27,29,5,5,8,10,420,0,0
28,8,5,4,9,6,24,0,0
28,22,5,5,9,7,24,0,0
28,26,5,5,9,8,24,0,0
28,28,5,5,9,9,60,12,12
28,29,5,5,9,10,240,0,0
29,29,5,5,10,10,120,120,120
