program,status,object,boundary
ST5592,Declared,variational_selection_strict_convexity_Objective,Fifty-round master audit.
ST5593,Audited,variational_selection_strict_convexity_EvidenceIntake,Fifty-round master audit.
ST5594,Constructed,variational_selection_strict_convexity_TypedCandidate,Fifty-round master audit.
ST5595,Proven or scoped,variational_selection_strict_convexity_Theorem,Fifty-round master audit.
ST5596,Recorded,variational_selection_strict_convexity_ProofIdea,Fifty-round master audit.
ST5597,Retained,variational_selection_strict_convexity_PositiveResult,Fifty-round master audit.
ST5598,Constructed,variational_selection_strict_convexity_Counterexample,Fifty-round master audit.
ST5599,Completed,variational_selection_strict_convexity_SymmetryAudit,Fifty-round master audit.
ST5600,Completed,variational_selection_strict_convexity_VariationalAudit,Fifty-round master audit.
ST5601,Completed,variational_selection_strict_convexity_ProbabilityAudit,Fifty-round master audit.
ST5602,Completed,variational_selection_strict_convexity_DynamicAudit,Fifty-round master audit.
ST5603,Classified,variational_selection_strict_convexity_StrictBoundary,Fifty-round master audit.
ST5604,Not established,variational_selection_strict_convexity_PhysicalBoundary,Fifty-round master audit.
ST5605,Round verdict,variational_selection_strict_convexity_RoundVerdict,Fifty-round master audit.
ST5606,Recommendation,variational_selection_strict_convexity_NextDependency,Fifty-round master audit.
