relative_noise,repetition,maximum_relative_pole_error,maximum_relative_weight_error,relative_curve_rmse,minimum_fitted_pole_separation
1e-06,0,0.05735077656301986,1.1432001790006345,9.522182329603425e-07,0.3064673433039362
1e-06,1,0.17133601404087054,3.6095035477168342,8.38166380718495e-07,0.16942023272884166
1e-06,2,0.03275518649869035,0.5302438703039768,9.23558639205141e-07,0.3162982843040274
1e-06,3,0.17174488601887494,3.7015268937053603,8.498742121956638e-07,0.1635028247757293
1e-06,4,0.16432574709386968,3.330662678374791,8.95391914267838e-07,0.18597685754218962
1e-06,5,0.17720021816594358,3.611262596110855,1.1226579375172526e-06,0.18599272573377346
1e-06,6,0.17173629328188322,3.6591155873111028,9.355484294656783e-07,0.16639615656376283
1e-06,7,0.027581235454267158,0.4792328034359416,9.031273475050763e-07,0.3221146590310453
1e-06,8,0.028390504307725738,0.4976454777022197,9.66985423271046e-07,0.33042000444764663
1e-06,9,0.1703773255054353,3.5801308811171095,9.03858153727645e-07,0.17138481613598344
1e-06,10,0.17938236881285693,3.7130049203518767,8.43664946311221e-07,0.17725720456522764
1e-06,11,0.02211770633484851,0.3463571108138126,8.312815823961686e-07,0.33869317687221434
1e-06,12,0.05695271607272766,1.221213016909132,8.417530764022443e-07,0.297462020326422
1e-06,13,0.05973065690132989,1.1508126131312693,9.727568908574855e-07,0.2970500076889555
1e-06,14,0.17524200940203644,3.8349483972106113,9.5746945181594e-07,0.1545571949902682
1e-06,15,0.0691086161188446,1.570826152021725,8.575491113691826e-07,0.28501741287180415
1e-06,16,0.1649669102214875,3.343944128910476,7.582199828019136e-07,0.1838291854117371
1e-06,17,0.05206396334520748,1.0743142980775848,8.578964835278467e-07,0.3043020425367995
1e-06,18,0.17623239620047992,3.858641760712106,1.0459438096985083e-06,0.15445033993324664
1e-06,19,0.05855893965891492,1.3119629400635258,7.51997034402074e-07,0.29118784004317666
1e-06,20,0.1657189119237063,3.3847958333533166,8.692422906253257e-07,0.18297803452678574
1e-06,21,0.021149249403703534,0.32036839021030944,9.143895985063439e-07,0.3391771015514733
1e-06,22,0.03525315637232291,0.6861300615720749,1.0059215691221233e-06,0.3187807002602747
1e-06,23,0.0643047813322093,1.1527281818429955,1.0158838553069356e-06,0.2722987159442378
1e-06,24,0.05607157084143141,1.305671822705766,9.930338635014168e-07,0.2860948092727438
1e-06,25,0.17415054559954968,3.7674517056207746,9.036320055386593e-07,0.15979836584011187
1e-06,26,0.05589087052813242,1.1592782826997414,8.5842534104837e-07,0.30232015717999383
1e-06,27,0.17061033186391225,3.6357066268022398,7.319959585335247e-07,0.16752615535561843
1e-06,28,0.16831601240677846,3.498148280412054,1.0093063485205873e-06,0.17616258118658212
1e-06,29,0.0345750523563172,0.6941873707125478,8.337509303064848e-07,0.31725431313285646
1e-06,30,0.0431787796385237,0.6893083641614733,9.25574649984674e-07,0.3063027271571783
1e-06,31,0.052220082280753644,0.9637871502434182,1.0003648161454839e-06,0.3048362403256226
1e-06,32,0.16951971828647047,3.590178862512711,9.915123591838254e-07,0.16982957186305847
1e-06,33,0.1745639423353342,3.7721473705441193,8.510168592637025e-07,0.15996102027090853
1e-06,34,0.18149916275083328,4.00854259964375,9.286988896817336e-07,0.1442662448527834
1e-06,35,0.029505505555817338,0.6092852088200097,1.1093364900678754e-06,0.31915481553787184
1e-06,36,0.05992475641290564,1.251550778470116,1.0615696130211635e-06,0.3010445063046756
1e-06,37,0.05030051564910826,1.0753545754682878,8.066557795072897e-07,0.3011017074012676
1e-06,38,0.02077959253017067,0.41987418038653407,1.0094003263198716e-06,0.32944993121694877
1e-06,39,0.00960679802373198,0.16843647563676195,7.754257057875475e-07,0.34528098248424777
1e-06,40,0.05028427591539677,0.9957193652634182,8.62216044223617e-07,0.308778090050025
1e-06,41,0.005248825120670289,0.0734788995724176,8.623695137862223e-07,0.34935030350736906
1e-06,42,0.0520868343565453,1.0242583470037778,8.091780997895113e-07,0.3104168757431096
1e-06,43,0.05784500619042775,1.1484772940116459,1.0612277940018441e-06,0.30219338714200217
1e-06,44,0.06630185459820825,1.4816078961372616,7.540647447127692e-07,0.28832033617623964
1e-06,45,0.056566872092008294,1.1617123484993137,7.982972113263943e-07,0.30307745852491674
1e-06,46,0.1689682472837898,3.548770908820072,1.022752057311763e-06,0.1736666737145376
1e-06,47,0.17003192670432665,3.6110297921788628,1.0589825339717854e-06,0.16898907156702703
1e-06,48,0.04004712086146519,0.8554844326167541,1.089277728033051e-06,0.30764971912816086
1e-06,49,0.17213837205849578,3.6723043725342306,1.149524624128593e-06,0.16604853903487227
1e-06,50,0.054719059583638714,1.142263822663732,9.144607387388229e-07,0.30190725268417284
1e-06,51,0.1780980033349474,3.6487945078837347,9.799169122745364e-07,0.1818135705182644
1e-06,52,0.043885299008522546,0.9744959099439067,9.126974030352299e-07,0.3008326338516434
1e-06,53,0.06742682890457119,1.3200077557263723,9.423392382087092e-07,0.2787552602852057
1e-06,54,0.17385910170653748,3.7599352202910796,9.916092265541052e-07,0.15960437762423574
1e-06,55,0.17946500817997116,3.9231722895656485,9.385702314357948e-07,0.15275128570245844
1e-06,56,0.03695573407626696,0.6937376239988057,8.388923198158224e-07,0.3211968234334439
1e-06,57,0.04967392228897348,0.8361104232324952,1.0537459397270199e-06,0.29887753636108827
1e-06,58,0.037857632517041634,0.7117325503779682,1.0144095005009058e-06,0.32044042714191456
1e-06,59,0.07279455672251389,1.594706734269106,9.830537877585067e-07,0.29017301274853624
0.0001,0,0.166045253912173,0.02230067476835614,9.306248714978645e-05,0.00014686035254718455
0.0001,1,0.5303524744546074,1.4744070137589291,9.841024629664916e-05,0.6682032965881046
0.0001,2,0.5303520225763635,4.555899351260787,0.00011057701435899492,0.43530807760118573
0.0001,3,0.35041442993240135,0.590534660643091,0.00010150218573600671,0.3153080629404976
0.0001,4,0.35041444538418764,0.7886636521951289,0.00012558799190629395,0.3525847313517487
0.0001,5,0.47170894957357423,1.13198375780496,7.977878606359529e-05,0.6959455054237501
0.0001,6,0.3504144468977969,0.892810810721578,8.41633897065686e-05,0.39399812368958087
0.0001,7,0.2178146124046693,4.771598435706193,8.611442687422981e-05,7.548005147550718e-05
0.0001,8,0.5303524744543683,2.130647965269527,9.853267006826931e-05,0.560111418021124
0.0001,9,0.5303524744430282,2.773672274252918,9.778577168137478e-05,0.5059826738455426
0.0001,10,0.2117740145788792,4.306888522887667,8.362031029109379e-05,3.7574216227298507e-06
0.0001,11,0.20826152617236612,4.0472510494981515,9.799096761225535e-05,0.0002434035383052091
0.0001,12,0.1563177481791059,2.205335569751378,7.217803689727316e-05,0.00020395053744737268
0.0001,13,0.5303524743741312,1.602232696288466,9.855622374683906e-05,0.6119977533789049
0.0001,14,0.21966868678715656,4.868964252058856,9.433809018409144e-05,2.8744519718904016e-05
0.0001,15,0.37167667464829235,1.1508358042110358,9.031773244285102e-05,0.5963691565744547
0.0001,16,0.3504144181362226,0.8084541865415166,0.00010783660130291416,0.35738142539415607
0.0001,17,0.3504144472043853,0.5758450258166105,8.687112076122103e-05,0.3318926009647427
0.0001,18,0.3504144168562848,1.0625859105999529,8.690841015599107e-05,0.4448984327436263
0.0001,19,0.13072208028881643,0.9999999456722932,8.42906626249846e-05,0.101598653824168
0.0001,20,0.530352474454819,1.1525948801832284,9.904029236683335e-05,0.7584998562740336
0.0001,21,0.5139792621155364,1.1637665415728027,0.00011505036758048744,0.7465182602970856
0.0001,22,0.35041444710721087,1.0275496467304408,0.00010305005367726505,0.4229774836030702
0.0001,23,0.1404176178297014,3.4582724090016868,9.93591135476143e-05,8.170956042885535e-06
0.0001,24,0.3143109944002222,3.983191517506199,9.106626775501048e-05,0.4178221492095072
0.0001,25,0.3504136397781638,0.8444940332720446,9.10155105403784e-05,0.4087548523996172
0.0001,26,0.35041444613253375,0.9252064120649278,9.305899507368273e-05,0.39483159043962535
0.0001,27,0.3504144278856104,0.9552157393882197,9.323037008099811e-05,0.3838046464304866
0.0001,28,0.2008901062166593,3.4674165912484214,7.984468052323786e-05,1.67478101515961e-05
0.0001,29,0.21860423112723842,4.834360548735975,8.319579439414703e-05,0.00015242602046972031
0.0001,30,0.5303524744551252,1.0387861993124825,9.685516268128024e-05,0.7398790919341627
0.0001,31,0.22346338207063463,5.157063008439541,9.000516575465951e-05,9.852343572314126e-05
0.0001,32,0.15976231612486702,0.06497864512776624,0.00010361629007485269,2.8862745466984308e-05
0.0001,33,0.1580584835003119,2.589083669679029,9.75287719283544e-05,3.248031301672505e-05
0.0001,34,0.17941646414355264,0.8614848408311241,0.0001032873515392752,0.35525386744978604
0.0001,35,0.35041437241800966,0.6952451413515747,9.490542692812579e-05,0.354399809612032
0.0001,36,0.21145697135928354,4.293551445544123,0.0001029120778621538,1.539168650310785e-07
0.0001,37,0.21170322265525066,4.211941756235626,0.00010513425757349269,3.226477189866017e-07
0.0001,38,0.21516773984112322,4.549062685749466,9.067679305526448e-05,2.392707853426934e-05
0.0001,39,0.18035559405010998,1.0258840335118458,7.993924359140817e-05,1.5642128675885658e-05
0.0001,40,0.5303524744248126,1.0812843005108332,8.886026574017166e-05,0.7510573831132751
0.0001,41,0.21475255353919787,4.504286160184269,9.377635788316716e-05,5.11063783283916e-05
0.0001,42,0.3504144216413836,1.092700805143339,8.606540949066486e-05,0.46438379243288364
0.0001,43,0.5303524744549759,1.0173571736845866,8.872322062558013e-05,0.735161026772725
0.0001,44,0.530352474438156,1.0022985021040263,8.872521859899404e-05,0.6713388499878712
0.0001,45,0.1511571321762058,0.4393447435391696,8.886907022537347e-05,4.676728562924559e-05
0.0001,46,0.21390035736895685,4.4489366613927865,9.882683641536991e-05,1.4266092248860218e-05
0.0001,47,0.2050154286139041,3.764112861281586,0.00011527137590597796,8.894225141942158e-06
0.0001,48,0.21544693956786856,4.624530668287912,8.654284433046977e-05,3.180000927005544e-05
0.0001,49,0.1757775864670912,1.3644389094678424,9.43539015335189e-05,0.3381532606574029
0.0001,50,0.2184009058967194,4.787224468717232,0.00010215735421246779,9.158859866742475e-05
0.0001,51,0.05273125463384155,0.8236976226800302,0.00010086978966444774,0.356592036990081
0.0001,52,0.3504144472041137,1.1177233370433335,0.00010378230194932091,0.5093843571489777
0.0001,53,0.2135907245495855,4.4068964545899645,9.525524600400507e-05,1.889886781247796e-05
0.0001,54,0.21918362782754267,4.857008957306429,9.00438044696584e-05,2.310043030329112e-05
0.0001,55,0.3504144201947341,1.083920356489583,0.00010188756585082602,0.4732376464836523
0.0001,56,0.2168112432234673,4.638940682204006,7.56424916370395e-05,6.867785021791306e-06
0.0001,57,0.2108295553310686,4.286547615957275,0.00010273452375859457,7.75377979964631e-05
0.0001,58,0.23446596076394713,5.948895885437782,0.00010699459987582337,1.9453906351607486e-05
0.0001,59,0.21976018590619512,4.906758076868928,0.0001070776120904183,0.0006135979975108175
0.001,0,0.3504144386290905,1.174072252521943,0.000919830660887418,0.6133603604327174
0.001,1,0.3452375761187088,0.5967898291452093,0.0011902130198153448,3.2336255921805446e-06
0.001,2,0.35339380076204296,1.198105802609241,0.0007989958601764318,0.5795173455392622
0.001,3,0.5303524744551268,1.6811931193401308,0.0009380315829811182,0.6132560338148139
0.001,4,0.5303524744551268,1.1245964794778507,0.0009744558736756985,0.7657355163091305
0.001,5,0.174154712043342,0.9999999360571633,0.0010976278063099894,0.47052442220937674
0.001,6,0.1691283720296114,0.9123712911293598,0.0008842391378053665,8.214961705999002e-06
0.001,7,0.3504144321628526,0.8935103799641599,0.0008327849295244919,2.4550829811786912e-05
0.001,8,0.5303524744551265,1.1850922913079711,0.0010428315360502317,0.7824293700567951
0.001,9,0.16609756260319916,0.8929865401508797,0.0011013563013594094,0.0001561420827624893
0.001,10,0.10111833521221221,0.9999999482208092,0.0009101349574805261,0.4167003772373339
0.001,11,0.1646316995037919,0.8638100171673361,0.0010018194744570257,2.7525539317396763e-05
0.001,12,0.18962930480858775,2.4692788825528864,0.0011134896677821645,1.2320355136097305e-07
0.001,13,0.5303524744551268,0.9915027217360738,0.0009520764800284978,0.43239674056280375
0.001,14,0.19036156447854705,7.395000902220355,0.0009197821783275986,0.07571555640768302
0.001,15,0.18179596897017905,0.9999999483911348,0.0009326915455217203,0.47836861702317623
0.001,16,0.35041444055388576,0.8419078527562244,0.0008856515699462224,9.130473098251102e-06
0.001,17,0.5303524744551266,1.1191309537317002,0.0010418758424924832,0.7484820789458031
0.001,18,0.3504144119985788,1.114582663110258,0.0009005911225821932,0.49948347105439883
0.001,19,0.35041444487722595,0.995710713730131,0.0008381377284947403,1.5760394345143425e-06
0.001,20,0.18262549641830203,1.972939382634607,0.0010155873442376957,4.03399668116311e-05
0.001,21,0.5303524744551268,1.1260820446344757,0.0010788876185971101,0.7452071802178292
0.001,22,0.16675187776354325,0.9999999483724149,0.0008232945620832388,0.40434580745214177
0.001,23,0.5303524744544676,1.1912745323017262,0.0009983209064110174,0.7784731486761471
0.001,24,0.45987524611782654,1.2432723064253708,0.0007806487918458654,0.7381984773086555
0.001,25,0.35041444411306016,0.6309411832676712,0.0008346970756219506,4.254386421598255e-06
0.001,26,0.530352474455126,1.161673490960046,0.0010902409214511226,0.7551093564592753
0.001,27,0.18592321644259388,2.1263144810636083,0.0009394875171184384,1.8384211880828616e-05
0.001,28,0.639666278405772,12.992234060688855,0.0008400612428341163,3.172614634339155e-07
0.001,29,0.17531999971538523,1.346175974304173,0.0009895383105867218,4.9962871015329924e-05
0.001,30,0.35041371081918365,0.5758566535497914,0.0009753698072304115,1.5698298890809426e-05
0.001,31,0.18126837301849316,1.9474323204828397,0.0010598396863136998,3.5832594531548523e-06
0.001,32,0.18717471137189057,0.9999999408210027,0.0009009145719575571,0.017295478583791324
0.001,33,0.4576866610544062,1.1616403123642987,0.0007769623364425509,0.6802502932271178
0.001,34,0.5303524744551268,1.1427273370691726,0.0011491679902274822,0.7596190090255052
0.001,35,0.35041391204467914,0.5825073921780295,0.00105719696477309,9.87553087417048e-06
0.001,36,0.1643214613381477,0.8749730258513226,0.0009107137587037394,4.222103005457889e-05
0.001,37,0.19722876063643624,0.9912214547267796,0.00106556701968421,0.36306769580537057
0.001,38,0.447745831941216,1.1342438689633079,0.0008778894821512622,0.6590400164410053
0.001,39,0.5303524744551267,1.1585446704384976,0.0009161697470638492,0.7683328449313925
0.001,40,0.5303524744526028,1.1395258765861207,0.0009078355665717428,0.7488156594251453
0.001,41,0.16872858598075346,0.9071195077457089,0.0008155754449794757,1.9059130561327464e-05
0.001,42,0.35041444550010115,0.7228339818794997,0.0011896669385152976,3.3580273679501005e-06
0.001,43,0.3091635091311157,1.1601053652761468,0.0009096168721605662,0.5944572241631544
0.001,44,0.5303524744551268,1.1966135429575222,0.0010783429912150234,0.7949955231763409
0.001,45,0.2212320128738496,4.464473435647135,0.0008192740540233296,2.5662740292808905e-06
0.001,46,0.3504144357921414,0.7706920269383323,0.0010709715098163155,1.3546473326631059e-05
0.001,47,0.5303524744549178,1.1753383333639373,0.001043559548262582,0.7690474786739806
0.001,48,0.18298557454374634,2.183821831652405,0.0010678862790931781,0.0003036849383597495
0.001,49,0.07289582938430858,0.9999998575246702,0.0011127788444437034,0.17354799073673854
0.001,50,0.373144524913971,10.39721342682489,0.0009999385366355445,9.532720568250497e-06
0.001,51,0.14944167586487095,4.469460353217871,0.0009137936473717738,1.7639324647600318e-06
0.001,52,0.5303524744551268,1.1689331412549018,0.0010216657554981184,0.774530301557301
0.001,53,0.17905651008620527,1.7714375666009397,0.0011106929500161449,2.8098535876264208e-05
0.001,54,0.35041442229690695,0.8127912093057855,0.0010386324291799395,2.6637082539693324e-07
0.001,55,0.5303524744551268,1.1883273549655091,0.000831409611319115,0.7814567920646428
0.001,56,0.5303524744551268,1.1359468539596758,0.0008966248708233331,0.7566780737745319
0.001,57,0.5303524744551268,1.2748446211093996,0.000948651656935449,0.17594632484073558
0.001,58,0.18072548216912196,1.6158370434623266,0.0010598874422424027,9.293864306147981e-06
0.001,59,0.31288746390493727,0.5952808936874759,0.0011127111757240665,5.117556804989931e-06
