trial,q_minus,flip_probability,input_sign_bias,output_sign_bias,contraction_factor,l1_coherence,measurement_bias,aligned_reference_bias
0,0.21185319952835283,0.3717369944989437,0.5762936009432944,0.14783429861602662,0.2565260110021126,0.1325271326055497,0.04964665861925403,0.1325271326055497
1,0.15331711674193627,0.017109209857569085,0.6933657665161275,0.6696398857013701,0.9657815802848618,0.3427378292463801,0.29073042624689405,0.3427378292463801
2,0.23223505311028367,0.30189589328968686,0.5355298937794326,0.21218134244768677,0.3962082134206263,0.9869415536168176,0.7623825256226036,0.9869415536168176
3,0.40670693579696016,0.323217176197937,0.1865861284060797,0.06597044532384218,0.353565647604126,0.4523802696517504,0.4085848477015567,0.4523802696517504
4,0.31690774004556366,0.4976098999168283,0.3661845199088727,0.0017504353029807697,0.004780200166343396,0.27667554702275865,0.1981186153732487,0.27667554702275865
5,0.1373696803382311,0.03717611498847373,0.7252606393235378,0.6713358934753262,0.9256477700230525,0.20803458821616616,0.2072949336751711,0.20803458821616616
6,0.07796988987353279,0.4114888565335139,0.8440602202529344,0.14941747049832263,0.17702228693297217,0.8847940052821865,0.06839186687512518,0.8847940052821865
7,0.297650663885944,0.4287347780794132,0.40469867222811196,0.05768188137460645,0.14253044384117364,0.048788053866157026,0.020366242458452016,0.048788053866157026
8,0.1751777085988855,0.43706572058361876,0.649644582802229,0.0817698273908278,0.1258685588327625,0.20552667052714035,0.20515467015678873,0.20552667052714035
9,0.4755090438171397,0.350662867263022,0.04898191236572058,0.014629636697341278,0.29867426547395604,0.8843948639713753,0.8584329280078273,0.8843948639713752
10,0.16931497827608563,0.2831205280347288,0.6613700434478287,0.2868751715932271,0.4337589439305424,0.8549504720071779,0.640543981235773,0.854950472007178
11,0.43713751422399827,0.20312737470162928,0.12572497155200346,0.07464860474041249,0.5937452505967414,0.4973296507672258,0.16757000343087236,0.4973296507672258
12,0.4057132233069732,0.4825735276162342,0.18857355338605364,0.006572343640781308,0.034852944767531646,0.2007735526052299,0.11159363783461428,0.2007735526052299
13,0.3982377808459072,0.06872638974083745,0.20352443830818556,0.1755494385702788,0.8625472205183251,0.9105950834653499,0.7537371529805661,0.9105950834653499
14,0.25227303187192124,0.25473482603261455,0.4954539362561575,0.24303519173738475,0.4905303479347709,0.15148429055554935,0.1479877533796223,0.15148429055554932
15,0.3637886443683779,0.37664977423744167,0.27242271126324424,0.06720680587433883,0.24670045152511666,0.5094122826663405,0.3725234347633594,0.5094122826663406
16,0.3316619988576323,0.02228611787367979,0.3366760022847354,0.32166960014042156,0.9554277642526404,0.0363279124719923,0.03513308561029786,0.0363279124719923
17,0.11973171236933008,0.004765291225936885,0.7605365752613398,0.7532882187231459,0.9904694175481262,0.7330154052043806,0.30082318634546457,0.7330154052043806
18,0.021676045920019697,0.1123075241633884,0.9566479081599606,0.7417703920369011,0.7753849516732232,0.4427275114478213,0.3919382709638973,0.44272751144782124
19,0.05303203625953831,0.3615119288459973,0.8939359274809233,0.247598924664195,0.2769761423080054,0.5791722213742846,0.5133498462949018,0.5791722213742846
20,0.29754044290935644,0.1124049640819681,0.4049191141812871,0.31388927720998727,0.7751900718360638,0.46076375506059086,0.2496924225793271,0.4607637550605908
21,0.290948547271685,0.003653325395247764,0.41810290545663,0.4150479735319668,0.9926933492095045,0.7064125308957669,0.23420047061322471,0.7064125308957669
22,0.09992692192404061,0.08482872064821356,0.8001461561519188,0.6643954066360128,0.8303425587035729,0.10301269153065784,0.041249381083461545,0.10301269153065784
23,0.20776363481395063,0.23185602349680828,0.5844727303720987,0.3134456841593047,0.5362879530063834,0.23700270206689192,0.17784527190409433,0.2370027020668919
24,0.13429973998311792,0.29094849004720896,0.7314005200337641,0.30580076618662994,0.4181030199055821,0.5663780916986916,0.48590150653389497,0.5663780916986917
25,0.45274991794976593,0.4257970061026077,0.09450016410046813,0.01402439020009922,0.14840598779478464,0.8042201951705369,0.21883967274422955,0.8042201951705369
26,0.13954783730440434,0.4965232861057945,0.7209043253911913,0.0050127561689608064,0.006953427788411015,0.7705047744642126,0.40926549799448175,0.7705047744642126
27,0.13985695691132446,0.48314409202587205,0.720286086177351,0.024282151967300443,0.0337118159482559,0.935037647167546,0.43878044910778313,0.935037647167546
28,0.20985774244190605,0.2847201427558254,0.580284515116188,0.24984713515043602,0.4305597144883492,0.24059240472201948,0.1626300925788831,0.24059240472201948
29,0.11711930089844018,0.47146077672166986,0.7657613982031196,0.04370847104249021,0.05707844655666028,0.8255545269913767,0.7557925020907683,0.8255545269913767
30,0.22909740870461362,0.40103694067072093,0.5418051825907728,0.10723739685928306,0.19792611865855814,0.13456732740450442,0.04335088028582609,0.1345673274045044
31,0.29144311640886417,0.43255167359701213,0.41711376718227167,0.0562672510321795,0.13489665280597574,0.4409468992534237,0.34552599825243246,0.4409468992534237
32,0.14775783164501144,0.2126593688843187,0.7044843367099771,0.40485394784271395,0.5746812622313626,0.7852345167341251,0.06576794190903343,0.7852345167341251
33,0.47298695843917377,0.06158747265664927,0.05402608312165247,0.047371423287651204,0.8768250546867015,0.6100721523821051,0.04564031182170211,0.6100721523821052
34,0.4537350111050195,0.0588088714647621,0.09252997778996097,0.08164681064898675,0.8823822570704758,0.8201658127542375,0.8189146164749681,0.8201658127542375
35,0.2643788722027777,0.47221012113934085,0.47124225559444455,0.02619153039398678,0.05557975772131829,0.40602162217402704,0.3902940548103229,0.406021622174027
36,0.41942804054489347,0.26547450651028115,0.16114391891021307,0.07558471421056992,0.4690509869794377,0.5247382181636088,0.524522660712022,0.5247382181636088
37,0.4125002606875014,0.0002506157771018924,0.1749994786249972,0.17491176336434114,0.9994987684457962,0.638567382489681,0.6374362758471228,0.638567382489681
38,0.45647293170293846,0.44427145658879735,0.08705413659412309,0.009702800460620708,0.1114570868224053,0.9496244269323194,0.7061473620063751,0.9496244269323194
39,0.2277097174069508,0.3721075313602117,0.5445805651860984,0.1392955057098026,0.25578493727957663,0.9363916401713779,0.9361127150338381,0.9363916401713778
40,0.32489776235599604,0.3756952914792996,0.3502044752880079,0.08706413044664131,0.24860941704140083,0.3703736532560843,0.21590912958861844,0.3703736532560843
41,0.3820810232110887,0.21709425009089428,0.23583795357782256,0.1334398262279255,0.5658114998182114,0.16727064730493557,0.12836363917194346,0.16727064730493557
42,0.1680287600255617,0.029201505138284733,0.6639424799488767,0.6251662404693714,0.9415969897234305,0.2758265713302299,0.27537419955115694,0.2758265713302299
43,0.09431426602366362,0.298693732303533,0.8113714679526728,0.3266683238579123,0.40261253539293396,0.7406680783250404,0.4826702278366549,0.7406680783250403
44,0.41064765113227497,0.033857304136954314,0.17870469773545006,0.1666037791315868,0.9322853917260914,0.18758139697308818,0.15961522098306707,0.18758139697308818
45,0.17351024266196802,0.18391077565155595,0.652979514676064,0.412799576618761,0.6321784486968881,0.6681589857830579,0.19445919516186316,0.6681589857830579
46,0.17839904249035232,0.17965740408011777,0.6432019150192954,0.4120899423158411,0.6406851918397645,0.9527181510080058,0.9517625277404506,0.9527181510080058
47,0.07954301712325357,0.11773535609963592,0.8409139657534929,0.6429033553392038,0.7645292878007282,0.7305069193927614,0.13013840225849965,0.7305069193927614
48,0.3424342818580174,0.22889786626527836,0.3151314362839652,0.1708656095669409,0.5422042674694433,0.38158508272908,0.3815156218617936,0.38158508272908
49,0.36626380523335744,0.07259617967076504,0.2674723895332851,0.22863744223823068,0.8548076406584699,0.45944108740608824,0.45134067864614114,0.4594410874060883
50,0.09551273191002096,0.07333979856205303,0.8089745361799581,0.6903144771294213,0.853320402875894,0.24952772185156125,0.2172467498107151,0.24952772185156125
51,0.04909734800145581,0.04072012072007364,0.9018053039970884,0.82836206230756,0.9185597585598527,0.4511307648774585,0.1417675286346307,0.45113076487745857
52,0.2933343499545689,0.32687126423973206,0.41333130009086216,0.14311905086975776,0.3462574715205359,0.17161415953042947,0.0641774311172319,0.17161415953042947
53,0.17212081470749108,0.47432731600547756,0.6557583705850178,0.0336701548495842,0.05134536798904488,0.9117711313640315,0.5969128558974948,0.9117711313640315
54,0.38353007683670615,0.20910570476978435,0.2329398463265877,0.13552174485641494,0.5817885904604313,0.4280600728215661,0.3163389425572383,0.4280600728215661
55,0.47272886954301935,0.35802726194049445,0.054542260913961305,0.015487028243822072,0.2839454761190111,0.024289199685177728,0.016116345745641372,0.024289199685177728
56,0.28861300071203944,0.14642472581088622,0.42277399857592113,0.2989648649330186,0.7071505483782276,0.5512921915802121,0.29297870181541924,0.5512921915802121
57,0.4659849614858938,0.07216900728811898,0.0680300770282124,0.058210750778491686,0.855661985423762,0.02427463009791142,0.016884850651717038,0.02427463009791142
58,0.3444320619466223,0.46614206496151867,0.3111358761067554,0.021068836562727004,0.06771587007696267,0.014558003365745198,0.00022274931289899226,0.014558003365745198
59,0.2941027113406994,0.4027905968992439,0.41179457731860125,0.08006061012253876,0.1944188062015122,0.3070268433404907,0.181393134405326,0.3070268433404907
60,0.3932078451161167,0.05883273605606254,0.21358430976776654,0.18845281112319992,0.8823345278878749,0.8810972255253531,0.591588197447812,0.8810972255253531
61,0.15329171299060532,0.17422957240159337,0.6934165740187894,0.45178922764384644,0.6515408551968133,0.7711506409856309,0.4763855146223047,0.7711506409856309
62,0.13448262874024627,0.07079655242279531,0.7310347425195074,0.6275252635761734,0.8584068951544094,0.08088834074030449,0.07753009066121963,0.08088834074030449
63,0.08474956908165601,0.15112761522826285,0.830500861836688,0.5794776324478967,0.6977447695434743,0.3058123260191712,0.2642820212041017,0.3058123260191712
64,0.034687328430151466,0.4797142209118519,0.930625343139697,0.037756920249527835,0.04057155817629621,0.6915127203247363,0.07541102749620289,0.6915127203247364
65,0.281668096293111,0.23906619860706774,0.43666380741377797,0.22788069439837672,0.5218676027858645,0.9802154129652717,0.8619494824717739,0.9802154129652716
66,0.18168138812097126,0.056949099208717435,0.6366372237580575,0.5641253909265375,0.8861018015825651,0.8870907392807076,0.5282179633623415,0.8870907392807077
67,0.14078900298481825,0.12937795473432878,0.7184219940303636,0.5325260575827504,0.7412440905313424,0.23381907661481893,0.1701945054789231,0.23381907661481893
68,0.24106302941355914,0.4906211674430109,0.5178739411728817,0.009714105959776988,0.01875766511397825,0.9474438656857238,0.4754088938553013,0.9474438656857238
69,0.3782314332745825,0.17726998110985376,0.24353713345083505,0.15719348735808011,0.6454600377802925,0.9854472586815407,0.9638502062150465,0.9854472586815407
70,0.25322703131055085,0.25692704427686036,0.4935459373788983,0.2399353395676728,0.4861459114462793,0.27487439140836745,0.06415507412461234,0.27487439140836745
71,0.4360616824195495,0.1271458977500049,0.12787663516090098,0.09535865600333578,0.7457082044999902,0.5850409119534089,0.14153618677057322,0.5850409119534089
72,0.22418483899013095,0.2980219724432616,0.551630322019738,0.22283440876407024,0.40395605511347676,0.9066690641585708,0.9056656707439872,0.9066690641585708
73,0.03742439852725138,0.2584693257211012,0.9251512029454972,0.4469047877147206,0.4830613485577976,0.01924460326830124,0.016779109968535433,0.019244603268301245
74,0.23233991455699438,0.2575133685119323,0.5353201708860112,0.2596159700115313,0.4849732629761354,0.8755651723140444,0.8639775767533426,0.8755651723140445
75,0.0711920447323117,0.08528567411625249,0.8576159105353767,0.7113312084097101,0.829428651767495,0.05501298377300179,0.04409183974523988,0.05501298377300179
76,0.429444136320768,0.19507320113254573,0.141111727358464,0.08605749461214679,0.6098535977349085,0.7275094442879076,0.30183263668433424,0.7275094442879078
77,0.31465619259923316,0.27124499131369634,0.37068761480153367,0.16959329708766005,0.4575100173726073,0.06881952400330194,0.06802943342719375,0.06881952400330194
78,0.26651824714323635,0.16431282628411603,0.4669635057135273,0.31350731892287004,0.6713743474317679,0.25091476954875636,0.22950472386598808,0.25091476954875636
79,0.0990832426987244,0.1750443258914945,0.8018335146025513,0.5211207005209285,0.649911348217011,0.01890531141812979,0.014687958505337226,0.01890531141812979
80,0.2563847139581278,0.007302887814122805,0.48723057208374443,0.48011419166866753,0.9853942243717544,0.5645833387169295,0.49879564123523734,0.5645833387169295
81,0.40629308299562295,0.06361961359842033,0.1874138340087541,0.16356744260348327,0.8727607728031593,0.4551081744309995,0.09255287717097893,0.45510817443099955
82,0.0762519618148315,0.482807247356834,0.847496076370337,0.029141580814177847,0.034385505286332,0.36787400529731396,0.3238705531409774,0.36787400529731396
83,0.3194139701680503,0.480627344628842,0.3611720596638994,0.013993723683120084,0.03874531074231602,0.07888470700960715,0.023580696486658184,0.07888470700960715
84,0.24101412553568538,0.49239653904903424,0.5179717489286293,0.007876755933364545,0.015206921901931514,0.9444543217725262,0.9228924394376392,0.9444543217725262
85,0.26011738620808994,0.014896523464299039,0.4797652275838201,0.46547155964370585,0.9702069530714019,0.9815845192461637,0.7405051134670064,0.9815845192461636
86,0.23991622864878642,0.47006797162481395,0.5201675427024272,0.0311393392960397,0.0598640567503721,0.8109179216846553,0.264301223144189,0.8109179216846552
87,0.09068480017508633,0.2924456489578798,0.8186303996498273,0.33982060268534287,0.41510870208424044,0.5423009137644612,0.5415614329965945,0.5423009137644612
88,0.3645975259056912,0.04125517088793329,0.27080494818861756,0.2484607393589789,0.9174896582241334,0.05258506417733577,0.0034905414176706014,0.05258506417733577
89,0.11217744071476081,0.4301490308955818,0.7756451185704784,0.10835912642651852,0.13970193820883636,0.7317525254196099,0.7020164069478714,0.7317525254196098
90,0.07457660979942804,0.31236012436459315,0.8508467804011439,0.31930556811851396,0.3752797512708137,0.1759316076216364,0.0653900456285974,0.1759316076216364
91,0.37258344551686556,0.04000596351765362,0.2548331089662689,0.23444342084547926,0.9199880729646928,0.4478952714134793,0.4153962311816885,0.4478952714134793
92,0.481753033788237,0.48219729059371036,0.036493932423526054,0.0012993817480576116,0.03560541881257928,0.27182651598881036,0.1345161800889848,0.27182651598881036
93,0.4014463920614105,0.4167590517461723,0.19710721587717905,0.03281478311457662,0.16648189650765544,0.6826312037955762,0.681127943463084,0.6826312037955762
94,0.3188920566930344,0.27705997917878217,0.3622158866139312,0.1615048346069714,0.44588004164243566,0.5001675281468017,0.06564339754522615,0.5001675281468017
95,0.23946940987967968,0.3039349782235657,0.5210611802406406,0.20432374330147154,0.3921300435528686,0.059815838956793536,0.05699054633756407,0.05981583895679354
96,0.17350042939512675,0.27598372715515834,0.6529991412097464,0.2925648675693797,0.4480325456896833,0.7989007216414591,0.7965480664398947,0.798900721641459
97,0.199634096573658,0.3806342848742852,0.600731806852684,0.14341356344746684,0.23873143025142962,0.8473820825159013,0.18700488073616212,0.8473820825159014
98,0.19655230205057092,0.4145514369817475,0.6068953958988581,0.10371667896390174,0.17089712603650498,0.0064845429512147,0.00590361005942581,0.0064845429512147
99,0.41668928397914234,0.4868350616035808,0.1666214320417153,0.004387121776704657,0.02632987679283838,0.8617709390061689,0.24398960907178213,0.8617709390061687
100,0.3330272350823473,0.007713814047392964,0.33394552983530545,0.32879354239709013,0.9845723719052141,0.490793634025552,0.4907934566977626,0.490793634025552
101,0.20511762025236652,0.2440448256480679,0.589764759495267,0.3019066836864727,0.5119103487038642,0.7180511809196193,0.7166500379516423,0.7180511809196193
102,0.483177240226417,0.35799879808400686,0.03364551954716599,0.009555408429571224,0.28400240383198627,0.4207254653464657,0.23197987116455054,0.4207254653464657
103,0.4079201907026251,0.42561118906360434,0.18415961859474983,0.027398830099527156,0.1487776218727913,0.794336416791264,0.5439667968602386,0.794336416791264
104,0.06889043544121921,0.4991308848574082,0.8622191291175616,0.0014987354026967797,0.0017382302851836062,0.1667560711780709,0.02890325330758098,0.1667560711780709
105,0.3615551681853846,0.0776929698923231,0.27688966362923084,0.23386490302954824,0.8446140602153538,0.8890543415253522,0.45569881854618777,0.8890543415253522
106,0.2755649230357474,0.4231262861651438,0.44887015392850516,0.06901263152421551,0.1537474276697124,0.2951986089702695,0.22791738676882747,0.2951986089702695
107,0.1760110826826016,0.47218814508817597,0.6479778346347969,0.03604293104588175,0.05562370982364806,0.8677761634193101,0.5490821735082773,0.8677761634193101
108,0.0469762690910823,0.27903092688606185,0.9060474618178354,0.4004169356702467,0.4419381462278763,0.41877951765542143,0.34541923430260907,0.41877951765542143
109,0.02808002046575206,0.3505338417937023,0.9438399590684958,0.2821442652871147,0.29893231641259543,0.03767572355181592,0.016758648463571696,0.03767572355181592
110,0.07698288417355657,0.04117730155781385,0.8460342316528868,0.7763594182828784,0.9176453968843723,0.3863028899572085,0.3792448160065559,0.3863028899572085
111,0.35382331380394233,0.15014372026798556,0.29235337239211534,0.20456332646442738,0.6997125594640289,0.9838729571927669,0.9525874671144182,0.9838729571927669
112,0.1321008545415623,0.4806569657508096,0.7357982909168754,0.028465143083401805,0.038686068498380854,0.6596250806884406,0.0005306952375626617,0.6596250806884405
113,0.1820841481655275,0.0025838273945977264,0.6358317036689449,0.6325459449203578,0.9948323452108045,0.1747932786179247,0.17311064918129612,0.1747932786179247
114,0.31846726123766583,0.3378875929774597,0.36306547752466833,0.11771483693662399,0.32422481404508063,0.8083412888330923,0.7271903008178965,0.8083412888330923
115,0.16489352589333517,0.44343376672918694,0.6702129482133297,0.07582284393950912,0.11313246654162612,0.34946841888026,0.1955166738403227,0.34946841888026
116,0.10777821320460416,0.11954782106635875,0.7844435735907916,0.5968865336462177,0.7609043578672825,0.023492834095214965,0.021819096338887588,0.023492834095214965
117,0.14126667659196906,0.2000427579165418,0.7174666468160619,0.43041863333162494,0.5999144841669164,0.4465888564926541,0.42614089854707565,0.4465888564926542
118,0.078362983569392,0.3670343571611056,0.843274032861216,0.2242529477374771,0.2659312856777888,0.2718070750986721,0.23161542661677356,0.2718070750986721
119,0.05551478110368249,0.3615361337020697,0.8889704377926351,0.24618056768266394,0.27692773259586057,0.13282046505681366,0.050245500233269694,0.13282046505681366
120,0.06488513807520123,0.3970680655222757,0.8702297238495975,0.17914885783170978,0.20586386895544861,0.38387492336567797,0.21955601390481996,0.38387492336567797
121,0.45992941605621257,0.013062912719725872,0.08014116788757486,0.07804741372483029,0.9738741745605483,0.7578635745691015,0.714014051674327,0.7578635745691015
122,0.35265906474181885,0.0235954699427377,0.2946818705163623,0.2807755560794852,0.9528090601145246,0.8238485591539187,0.2355807561902225,0.8238485591539187
123,0.10699833576903627,0.2783799179336386,0.7860033284619274,0.34838824431633114,0.4432401641327228,0.9938653948169731,0.41122664824861616,0.9938653948169731
124,0.24653301635794964,0.2628800292408894,0.5069339672841007,0.24040833499841177,0.47423994151822124,0.6596257139048254,0.6098524351365111,0.6596257139048254
125,0.06859878645558953,0.23747678741659284,0.8628024270888209,0.4530113299682364,0.5250464251668143,0.7910328581478032,0.5545988411612184,0.7910328581478032
126,0.38695529984143173,0.3075695091708582,0.22608940031713654,0.08701298854858583,0.38486098165828364,0.7132459788521732,0.04848055828193876,0.7132459788521732
127,0.20887474217899954,0.08640546318603703,0.5822505156420009,0.4816312646532889,0.8271890736279259,0.19038604889805244,0.1237786466871032,0.1903860488980524
128,0.2642328368254606,0.2190696921965008,0.47153432634907877,0.2649365668823247,0.5618606156069984,0.4649588765962013,0.2877713484320691,0.46495887659620133
129,0.22510709143147717,0.2405105675329387,0.5497858171370457,0.28532721933466304,0.5189788649341226,0.2263959172497122,0.14458921024668014,0.2263959172497122
130,0.46269014349269116,0.35076547017943344,0.07461971301461767,0.02227167557416416,0.2984690596411331,0.8637120110732338,0.7557915814378656,0.8637120110732339
131,0.46208362730071484,0.12596535023431005,0.07583274539857032,0.056728148731849976,0.7480692995313799,0.7763675444321398,0.15046290484339606,0.7763675444321398
132,0.050525939523145116,0.4209936799627599,0.8989481209537098,0.14204516588188887,0.15801264007448024,0.5529565270933073,0.2940219627738395,0.5529565270933073
133,0.1434498551242237,0.24958931560049114,0.7131002897515526,0.3571358632043487,0.5008213687990177,0.8016752250925315,0.7895152370201537,0.8016752250925314
134,0.10017879940567599,0.08254805100183538,0.799642401188648,0.6676245577555467,0.8349038979963292,0.8513263584211543,0.34261179001434433,0.8513263584211544
135,0.17831208396101958,0.008376765391128638,0.6433758320779608,0.6325970152706822,0.9832464692177427,0.9916197727062258,0.7551330475915246,0.9916197727062258
136,0.10177819168534245,0.33274356575973646,0.7964436166293151,0.2664206387816774,0.3345128684805271,0.5531872512752826,0.37075166259175973,0.5531872512752826
137,0.20497220249799808,0.37281816010098245,0.5900555950040038,0.1500887124306375,0.2543636797980351,0.17190919709508137,0.12199238725344855,0.17190919709508137
138,0.4775811911834889,0.15037149084294,0.044837617633022187,0.0313530188143757,0.69925701831412,0.6476178309951938,0.3749901806916745,0.6476178309951938
139,0.22129983058510508,0.07681609023960506,0.5574003388297899,0.47176570937551876,0.8463678195207899,0.7889543451476869,0.2154977418855113,0.7889543451476868
140,0.07696142927987341,0.3894770088978407,0.8460771414402531,0.18702195275028294,0.2210459822043186,0.6082440961174292,0.5696772333479082,0.6082440961174292
141,0.1614711961551444,0.14847404349239335,0.6770576076897112,0.4760066463077553,0.7030519130152133,0.06641711293357555,0.058241989382802666,0.06641711293357555
142,0.20840258985620608,0.38328606538468735,0.5831948202875878,0.13613392424606907,0.2334278692306253,0.21667611230757275,0.20172020926600848,0.21667611230757278
143,0.44115709252922947,0.3914610576930395,0.11768581494154107,0.02554698775657511,0.21707788461392097,0.8954298756473439,0.8543335915544893,0.8954298756473439
144,0.16245077445420314,0.39117029910184037,0.6750984510915937,0.146941525018218,0.21765940179631926,0.9134278594777447,0.7714234276159453,0.9134278594777447
145,0.016282228570893002,0.44143199912523723,0.967435542858214,0.11332153144079295,0.11713600174952554,0.2980575934513966,0.20960603817853982,0.2980575934513966
146,0.41354078042863146,0.34855115419157684,0.17291843914273708,0.05237659605432318,0.3028976916168463,0.31354885700982216,0.2824762419471404,0.31354885700982216
147,0.2486171091815449,0.3689054801236482,0.5027657816369102,0.13181967750789894,0.2621890397527036,0.045062685878773046,0.002799299232099052,0.045062685878773046
148,0.3289985520583151,0.34710164221833484,0.34200289588336985,0.10458336227428212,0.3057967155633303,0.45282398072303987,0.12303509561157185,0.45282398072303987
149,0.23105187774169458,0.1850720961935695,0.5378962445166109,0.3387970735019349,0.629855807612861,0.4756900036546202,0.42830134944522136,0.4756900036546202
150,0.14363480489555364,0.4887310994981934,0.7127303902088927,0.016063375703755642,0.022537801003613245,0.3822625749018056,0.3452263872822596,0.38226257490180554
151,0.3316671988709681,0.07262771560748948,0.33666560225806375,0.28776309502681807,0.854744568785021,0.49576808385570087,0.4344579508378566,0.49576808385570087
152,0.241108359692019,0.47794709828834564,0.517783280615962,0.022837247590723517,0.04410580342330872,0.5804321744905274,0.5683957130301752,0.5804321744905275
153,0.20401805675864107,0.305140916997367,0.5919638864827179,0.2306990801813943,0.389718166005266,0.9333543444497677,0.9332419627712236,0.9333543444497678
154,0.017642738756603916,0.2766997853498791,0.9647145224867921,0.43084191989477916,0.4466004293002418,0.06389766593646629,0.005671157026247294,0.06389766593646629
155,0.2589053256511374,0.05762877761527718,0.48218934869772523,0.42661338320861214,0.8847424447694456,0.40653668308762403,0.3849010203074768,0.40653668308762403
156,0.28159540828364676,0.32674407748513284,0.43680918343270647,0.15135955607719878,0.3465118450297343,0.1811279731067631,0.07713322027016088,0.18112797310676307
157,0.28214819856615925,0.4105200099011505,0.4357036028676815,0.07797350814126638,0.178959980197699,0.64296788789035,0.05433876827797693,0.64296788789035
158,0.07639589452967431,0.24723523730262964,0.8472082109406514,0.42828876478735484,0.5055295253947407,0.39556941926009903,0.3610441439538377,0.395569419260099
159,0.4098625981402982,0.21539130684519087,0.18027480371940363,0.10261555259063838,0.5692173863096183,0.32848221249426146,0.3244045703007602,0.3284822124942615
160,0.4353813713788967,0.32459762590936564,0.12923725724220658,0.045337043482490125,0.3508047481812687,0.7693536185134043,0.738051092379246,0.7693536185134042
161,0.28274930088906647,0.13624402357088072,0.43450139822186706,0.3161049607400257,0.7275119528582386,0.20539331174043285,0.1046677113051645,0.20539331174043288
162,0.20599222155139824,0.422892103166647,0.5880155568972035,0.09068128579527238,0.154215793666706,0.9164010499303016,0.7204298466082568,0.9164010499303015
163,0.4236561255371492,0.49492749478806936,0.15268774892570158,0.0015490188044471579,0.01014501042386129,0.014998831583111105,0.005693289714446298,0.014998831583111105
164,0.236962620196402,0.04913986031388262,0.526074759607196,0.47437227920368197,0.9017202793722348,0.07703391226762457,0.028877103140133434,0.07703391226762456
165,0.3035852971405262,0.11150741244011458,0.39282940571894764,0.30522262459473204,0.7769851751197708,0.119836542305782,0.003339536298231985,0.119836542305782
166,0.42308681943090937,0.039307814020481946,0.15382636113818127,0.14173320514804702,0.9213843719590361,0.34602490645893036,0.20471624098069427,0.3460249064589303
167,0.38487458294483856,0.21300196287934703,0.23025083411032288,0.1321630748701115,0.5739960742413059,0.08407355658804894,0.047485682968666,0.08407355658804894
168,0.15827947454666383,0.28191723346879877,0.6834410509066724,0.29809343028543733,0.43616553306240247,0.8177290491381709,0.11100570567474585,0.8177290491381709
169,0.4248518022828867,0.28051184001477375,0.15029639543422657,0.0659765585725407,0.4389763199704525,0.6762344331011211,0.12940532728222473,0.6762344331011211
170,0.4231651781616874,0.03890906780239717,0.15366964367662517,0.14171135850665711,0.9221818643952057,0.2866757111569247,0.236430115495599,0.2866757111569247
171,0.14369996066750915,0.28291864361217195,0.7126000786649818,0.3093843832773344,0.4341627127756561,0.4558279391435993,0.33079552818524416,0.45582793914359937
172,0.44857743448293674,0.42272222977908347,0.10284513103412651,0.01589528480879056,0.15455554044183306,0.5814249697678449,0.3210911249196001,0.5814249697678449
173,0.31570010825817335,0.3305428549526216,0.3685997834836533,0.12492373394844343,0.3389142900947568,0.5884501669759101,0.5301016942896564,0.5884501669759101
174,0.2513395511892245,0.3023429003327954,0.49732089762155096,0.19659801245553313,0.39531419933440926,0.3320450733066441,0.23361530519598148,0.3320450733066442
175,0.4829150697111846,0.1792118139844756,0.03416986057763083,0.021922575182203145,0.6415763720310488,0.836565047700088,0.6115846562934509,0.8365650477000879
176,0.18182861794341418,0.08951167995414777,0.6363427641131716,0.5224225444282996,0.8209766400917045,0.2343082414414377,0.23420815544401688,0.2343082414414377
177,0.4709094812296171,0.11181214997262201,0.058181037540765757,0.04517034375062405,0.776375700054756,0.49824020777502376,0.48495048669894947,0.49824020777502376
178,0.2541776076110618,0.3017401860434361,0.49164478477787643,0.19494680712555335,0.3965196279131278,0.03688729209774799,0.036882890081946965,0.03688729209774799
179,0.3327237896697966,0.2732269859605743,0.3345524206604068,0.15173492157469257,0.45354602807885136,0.948425931397566,0.8210396310230226,0.948425931397566
180,0.40975937769565063,0.3729139154805815,0.18048124460869874,0.04587330941302187,0.254172169038837,0.0055764762987216,0.00454916897551119,0.005576476298721601
181,0.09048549744670983,0.13958298892739324,0.8190290051065803,0.5903839720045689,0.7208340221452135,0.6618593523704771,0.4732526706335408,0.6618593523704771
182,0.3664392838448737,0.05912504794657597,0.26712143231025265,0.23553429732444917,0.8817499041068481,0.9692412074750016,0.9167172985904241,0.9692412074750016
183,0.23579695662526437,0.42088690013237784,0.5284060867494713,0.08360768702334069,0.15822619973524432,0.48731504725896463,0.04485487733991472,0.48731504725896463
184,0.3806069055911874,0.24779210282337838,0.23878618881762514,0.12044752511302592,0.5044157943532432,0.27796634138905973,0.2469742076709337,0.27796634138905973
185,0.38319392060687363,0.1870997366347278,0.23361215878625274,0.14619461201909656,0.6258005267305444,0.6329206509266897,0.6158483443931144,0.6329206509266897
186,0.2822711333360144,0.2279603805729239,0.4354577333279712,0.23692351210223697,0.5440792388541522,0.6094199503027451,0.4781305133370943,0.6094199503027451
187,0.2775211969982502,0.17501782178995262,0.44495760600349965,0.28920658402029076,0.6499643564200948,0.6350561882954437,0.3621688284235117,0.6350561882954437
188,0.48949938177325614,0.04511413020446614,0.021001236453487726,0.019106331421852873,0.9097717395910677,0.0702944972962136,0.0582693515609659,0.0702944972962136
189,0.3676641570129831,0.18382410035210334,0.2646716859740338,0.16736561684833146,0.6323517992957933,0.8908143026440416,0.08200207086572825,0.8908143026440417
190,0.28259741830009927,0.04319865354295699,0.43480516339980146,0.3972391681750078,0.913602692914086,0.1314417897335638,0.11267698189150338,0.1314417897335638
191,0.3564284674610813,0.06048167589602621,0.2871430650778374,0.25240927748217873,0.8790366482079476,0.9711673367022515,0.875778309713194,0.9711673367022515
192,0.31797480157626257,0.26778307420970954,0.36405039684747487,0.16907732797731173,0.4644338515805809,0.4703888773393954,0.4238234625666509,0.4703888773393954
193,0.41184098249915163,0.3333825709876627,0.17631803500169674,0.05875531536098001,0.33323485802467456,0.8469755646920156,0.34353451939162244,0.8469755646920156
194,0.20282188000651752,0.36839602285946177,0.594356239986965,0.15643929004116158,0.26320795428107646,0.47521026879864386,0.07588074731437802,0.47521026879864386
195,0.2728438217275633,0.06320222224325511,0.45431235654487345,0.39688525549246134,0.8735955555134898,0.21474971851367908,0.02766635882387783,0.21474971851367905
196,0.12106665915803996,0.4828495430731921,0.7578666816839201,0.025995519760965796,0.03430091385361578,0.020083345420828236,0.013969446131020273,0.020083345420828236
197,0.029446186490946553,0.02634219185795228,0.9411076270181069,0.8915259516783206,0.9473156162840954,0.4955726374554247,0.4463470274894061,0.4955726374554247
198,0.11776996996031072,0.37331806699170866,0.7644600600793785,0.1936865562369804,0.2533638660165827,0.9651889485974036,0.36530411886053776,0.9651889485974037
199,0.46447969699790553,0.4600802545340626,0.07104060600418893,0.005671845818866333,0.07983949093187481,0.4547503246751517,0.3460208070296783,0.4547503246751517
200,0.12254226177385581,0.06886746191180243,0.7549154764522884,0.6509372508098721,0.8622650761763951,0.4738007229529696,0.22452229865627302,0.47380072295296966
201,0.24777806761534105,0.33173669395736677,0.5044438647693179,0.16975878479801687,0.33652661208526646,0.1180999049206154,0.08183035653983844,0.1180999049206154
202,0.4681010073231496,0.06156634181015824,0.06379798535370085,0.05594236820753001,0.8768673163796835,0.9613319473524405,0.6226722779400591,0.9613319473524407
203,0.3308096983352368,0.1447057948291443,0.33838060332952635,0.24044933501039734,0.7105884103417114,0.15959223268918035,0.1348771527382284,0.15959223268918035
204,0.14509465082151443,0.4330928787098294,0.7098106983569712,0.09498278097606117,0.13381424258034125,0.47125668293596523,0.02261741632124989,0.47125668293596523
205,0.32118546704824175,0.21772375364615038,0.3576290659035165,0.2019003806205563,0.5645524927076992,0.5635599113792915,0.40857019923383847,0.5635599113792915
206,0.3004721111053302,0.4541399246573368,0.39905577778933965,0.03660145607068834,0.09172015068532635,0.9630751103556944,0.37381887189281665,0.9630751103556943
207,0.38206961548663015,0.28050698799175,0.2358607690267397,0.10353958121652251,0.4389860240165,0.0033196541788125256,0.003244054130163658,0.0033196541788125256
208,0.3792937585433545,0.2653382167909079,0.24141248291329098,0.11330056745873468,0.4693235664181842,0.4074271824035837,0.05355384600883607,0.4074271824035837
209,0.46666527125287766,0.32287211583096304,0.06666945749424469,0.023618039889306212,0.35425576833807393,0.3450581409762573,0.283581431443171,0.3450581409762573
210,0.4579183698289849,0.2390900979688652,0.08416326034203025,0.04391805602092001,0.5218198040622696,0.42351091166507593,0.42203048995913867,0.423510911665076
211,0.12223192681432797,0.4130360330181058,0.755536146371344,0.13140884097333025,0.17392793396378836,0.04346350356279827,0.03328360330531267,0.04346350356279827
212,0.3863228405549051,0.4760133039716524,0.22735431889018975,0.010906957875901966,0.04797339205669515,0.13528951271653444,0.1256100360197438,0.13528951271653444
213,0.48923161311514185,0.2845417471501775,0.0215367737697163,0.009280551296889919,0.430916505699645,0.2299042602364414,0.18665679182754502,0.2299042602364414
214,0.08133369203359393,0.42362491326914803,0.8373326159328122,0.12790270232887938,0.15275017346170394,0.18029801915789245,0.17741224927968982,0.18029801915789245
215,0.22547991125696734,0.11813608119520463,0.5490401774860654,0.4193172675122186,0.7637278376095907,0.24495299501059056,0.22885347170215925,0.2449529950105906
216,0.3939141528959881,0.19159716341930677,0.21217169420802384,0.13086870467177197,0.6168056731613865,0.08997965523990514,0.049777336856141524,0.08997965523990514
217,0.22943137110932477,0.3706984234348349,0.5411372577813505,0.13993980113855756,0.2586031531303302,0.2295406592007463,0.0551689059998782,0.22954065920074626
218,0.34975008744971087,0.0055204688103879795,0.30049982510057827,0.2971820252765887,0.988959062379224,0.3292162902687077,0.18156465387951248,0.3292162902687077
219,0.07682428403148493,0.19547676434214273,0.8463514319370301,0.5154673531142503,0.6090464713157145,0.9345409583074916,0.6974639470101559,0.9345409583074915
220,0.3900519107831092,0.4880100894205934,0.21989617843378162,0.005273071032348571,0.023979821158813253,0.13024882405492522,0.0661860960278568,0.13024882405492522
221,0.4060301579261682,0.047489041219522854,0.1879396841476636,0.1700895333331186,0.9050219175609543,0.03791879329935488,0.014778606747592469,0.03791879329935488
222,0.4336066471029355,0.17488274646673158,0.132786705794129,0.08634249818703471,0.6502345070665368,0.7686408605471551,0.6058469602524337,0.7686408605471551
223,0.2427647265489973,0.2630514854564824,0.5144705469020054,0.2438060637296426,0.47389702908703524,0.3037888149512721,0.2825268531010199,0.303788814951272
224,0.36971819334952694,0.01116970243000881,0.26056361330094613,0.2547427772516272,0.9776605951399824,0.8126440885442183,0.7015955887355722,0.8126440885442183
225,0.4362705273746226,0.009943083055360347,0.12745894525075485,0.12492427549320109,0.9801138338892793,0.8210381296376776,0.7913313978659847,0.8210381296376776
226,0.4539343546499964,0.2520965046073804,0.09213129070000725,0.04567933799913069,0.49580699078523915,0.5386696810262046,0.0702966070737103,0.5386696810262046
227,0.11031683261693657,0.2423955055860948,0.7793663347661268,0.40153654126129296,0.5152089888278104,0.2965630967999714,0.2128142858964645,0.2965630967999714
228,0.10419915237579516,0.44716947066078844,0.7916016952484097,0.08364147317158144,0.10566105867842313,0.5073903940623602,0.20930805268597122,0.5073903940623601
229,0.04624591916648774,0.44254644955158534,0.9075081616670245,0.10427913189736888,0.11490710089682932,0.19328414643020364,0.038386049077403187,0.19328414643020364
230,0.20997071752458002,0.021035138263905795,0.58005856495084,0.5556553407210325,0.9579297234721884,0.17652219763002544,0.14635685423015,0.17652219763002544
231,0.39953341192758607,0.02978035507298238,0.20093317614482786,0.1889654534817577,0.9404392898540352,0.5641914967415964,0.29609660129872617,0.5641914967415964
232,0.12940188303261588,0.07011966569892103,0.7411962339347682,0.6372513696531578,0.8597606686021579,0.3179507802994842,0.26468923500490593,0.3179507802994842
233,0.18199659112957256,0.22205058224419844,0.6360068177408549,0.35355544935958166,0.5558988355116031,0.9965023585588723,0.9639166789549665,0.9965023585588723
234,0.4111014063753289,0.41714068588006903,0.17779718724934224,0.02946430597586687,0.16571862823986194,0.31543654985269143,0.01391080753154969,0.31543654985269143
235,0.15221975515113037,0.4662481573068502,0.6955604896977392,0.04695289646369666,0.06750368538629958,0.14719898869850023,0.006197515397972541,0.14719898869850023
236,0.41830521138273985,0.2953053435558553,0.1633895772345203,0.06688994675714835,0.4093893128882894,0.2884692121906681,0.28109239816703835,0.2884692121906681
237,0.07698872795389983,0.3924476908300508,0.8460225440922003,0.1819833564539026,0.21510461833989836,0.04278020446648079,0.019560143619748796,0.04278020446648079
238,0.09417735816350337,0.37047444267845286,0.8116452836729933,0.21025761543029936,0.25905111464309427,0.8414083637213826,0.2543679640847909,0.8414083637213826
239,0.4375578530323915,0.15213017490478276,0.12488429393521705,0.08688695497676731,0.6957396501904345,0.0912043115323653,0.0618966880892705,0.0912043115323653
240,0.1591534770429497,0.38763203723769507,0.6816930459141006,0.15320091759719576,0.22473592552460986,0.47349240497558,0.22342552418190145,0.47349240497558
241,0.07729284886325613,0.052661652978934936,0.8454143022734877,0.756372473053978,0.8946766940421301,0.09640590911011027,0.05746537256652993,0.09640590911011027
242,0.11622913578357326,0.14841664158136753,0.7675417284328535,0.5397097972177293,0.703166716837265,0.651399368812838,0.6416924299405328,0.651399368812838
243,0.28322970036925516,0.2749798743781775,0.4335405992614897,0.19511072021596124,0.450040251243645,0.9371390975246116,0.5054078428814326,0.9371390975246114
244,0.44023592073232987,0.4140201491455764,0.11952815853534027,0.020554026487544914,0.17195970170884722,0.9677643605585434,0.943102793242422,0.9677643605585434
245,0.041454612207899456,0.12297851318440922,0.917090775584201,0.6915258555112376,0.7540429736311816,0.16265591896602138,0.03696333839214497,0.1626559189660214
246,0.4808064540324896,0.15141537641414438,0.03838709193502077,0.026762299985449697,0.6971692471717112,0.4541213913842115,0.3759310634376831,0.4541213913842115
247,0.322339359335067,0.1534511530077945,0.35532128132986596,0.24627236071331624,0.693097693984411,0.22689400729633993,0.1496899080879296,0.22689400729633993
248,0.2997353140958641,0.165984375844548,0.40052937180827175,0.26756613623426195,0.668031248310904,0.17900983996407793,0.17873630654025074,0.17900983996407793
249,0.016295157088685813,0.22276102601214637,0.9674096858226284,0.5364073374467547,0.5544779479757073,0.38781135132378153,0.20836758992874424,0.38781135132378153
250,0.46398110618045557,0.28392555584608276,0.07203778763908886,0.03113104984438811,0.4321488883078345,0.12199432472180904,0.08420003652120418,0.12199432472180904
251,0.09328070896258521,0.06268340242124881,0.8134385820748296,0.7114603861044964,0.8746331951575024,0.17134948090394553,0.1246620077862599,0.17134948090394553
252,0.24378890615366422,0.30947526991379426,0.5124221876926716,0.1952581980006586,0.3810494601724115,0.4251785807903421,0.15879886018852615,0.4251785807903421
253,0.13311996299951595,0.06907072417249488,0.7337600740009681,0.6323973946407475,0.8618585516550102,0.6616206347704824,0.285201014604776,0.6616206347704824
254,0.3683677535751539,0.21310818180853797,0.2632644928496922,0.15105685803780272,0.5737836363829241,0.15978168295709083,0.14300433602878107,0.1597816829570908
255,0.09917890799731749,0.3759045893126225,0.801642184005365,0.19896023209694405,0.248190821374755,0.38150885041242416,0.33834633471214226,0.38150885041242416
