row_type,omega,phi,beta,eta,score,all_pass,index,normalized_distance_from_frozen
frozen_grid_winner,0.18575,0.1625,1.0,1.8,1.8803719644815793,True,,
continuous_bounded_best_candidate,0.18425313243682945,0.1624999999999998,0.9999997722262386,1.7998488985547796,1.8331321239662381,True,,
local_perturbation,0.1938594649773377,0.1624999999999998,1.0,1.7740630434392783,2.0409998789935244,True,0,1.4990714794721343
local_perturbation,0.19318565524573186,0.15645941826527768,1.0,1.8,2.250949095546672,True,1,1.2839096206007774
local_perturbation,0.19502664070820339,0.1385699587627857,0.9878673019049906,1.8,2.120220325462695,True,2,2.0683423329573456
local_perturbation,0.1906182684388117,0.15947408017807943,0.9363439938747573,1.7392555015641675,3.138864534738148,False,3,2.510100445997668
local_perturbation,0.17468498606820904,0.1624999999999998,1.0,1.785649286542751,2.9856893648004803,False,4,1.8787425632823889
local_perturbation,0.1822634500679195,0.1560308333266513,1.0,1.8,1.9729158764997672,True,5,0.6832529114996726
local_perturbation,0.18003531500967643,0.1624999999999998,0.9979097312462082,1.8,2.0501214996658828,True,6,0.9543180550609096
local_perturbation,0.19223803673627732,0.14380438735810522,1.0,1.7455884887099753,2.5339129381534007,True,7,2.0244657593191175
local_perturbation,0.17786382575497842,0.14893201201544082,0.9730445837518005,1.8,2.8058381792994775,False,8,1.69966665009484
local_perturbation,0.186981221114409,0.1624999999999998,0.9378888555146354,1.778240612169552,2.512957287838826,True,9,1.8674173730366248
local_perturbation,0.18837178471878574,0.1624999999999998,0.9733530825645461,1.7742093416646196,2.1878738614924766,True,10,1.0891743579337407
local_perturbation,0.1853096458696577,0.1588470083017119,1.0,1.8,1.8479220268473966,True,11,0.21580708541060104
local_perturbation,0.19194910390016,0.1624999999999998,1.0,1.8,2.242907595538345,True,12,1.0331839833600023
local_perturbation,0.18131613495644663,0.1493605322900044,0.9571533248202632,1.760690451535259,3.548996353881281,False,13,1.882382234113368
local_perturbation,0.18337816232619442,0.1526461736925356,1.0,1.8,1.9461021013662625,True,14,0.6752421112561545
local_perturbation,0.18179079863615685,0.1624999999999998,1.0,1.8,1.9194165841222708,True,15,0.6598668939738576
local_perturbation,0.18898144953231158,0.1624999999999998,1.0,1.783577789288373,1.8801112219414418,True,16,0.6772138322375842
local_perturbation,0.19563594837327192,0.1415068269609708,0.9412458616613838,1.7690139104931486,2.41852585404627,False,17,2.7373506270334556
local_perturbation,0.18447853002192657,0.16060518297441342,1.0,1.7584763536006591,2.5489398514652337,False,18,1.064716431546381
local_perturbation,0.19299220961690663,0.1624999999999998,1.0,1.7857606622925104,2.122669917354926,True,19,1.2584345626836404
local_perturbation,0.18479914750242457,0.13878490672127988,0.9718830925755301,1.8,2.268168317893177,True,20,1.55122205340694
local_perturbation,0.18515699388599505,0.1460760899688647,0.9654846388269763,1.7871342488727122,2.445765407974657,True,21,1.3850150827511132
local_perturbation,0.18744566272533433,0.1624999999999998,1.0,1.7706849556184256,2.097073672924397,True,22,0.7854782369800789
local_perturbation,0.1756569336340812,0.1624999999999998,1.0,1.7974530337486543,2.580244781619989,False,23,1.6833824002854183
local_perturbation,0.18278108644993232,0.1624999999999998,1.0,1.8,1.8730359646651307,True,24,0.4948189250112792
local_perturbation,0.18286131405581293,0.12660538929276113,1.0,1.691849577137029,5.890571419935574,False,25,3.39392508946655
local_perturbation,0.19196662146165785,0.1624999999999998,0.9838084600395637,1.8,2.1743860935098143,True,26,1.134690995760733
local_perturbation,0.18336579516839813,0.1624999999999998,0.9274578133569613,1.8,2.4300347721895137,True,27,2.110382005259026
local_perturbation,0.19146338271211788,0.1472675592451292,1.0,1.7899483013841129,1.9301221433898132,True,28,1.2984699568114488
local_perturbation,0.19599947220054278,0.1624999999999998,0.984672824174885,1.7846871817973635,2.2645573658694933,True,29,1.8045573017535999
local_perturbation,0.19064442191210249,0.15067098965504339,0.9772660267391208,1.7394445492809463,2.8709134127766363,False,30,1.9521916339295378
local_perturbation,0.19541049216338283,0.1624999999999998,0.9751581420111494,1.764252685672668,2.028065958642016,True,31,1.9735255018655544
local_perturbation,0.1843485242454434,0.1624999999999998,0.983375525584562,1.8,1.9035269269276267,True,32,0.529310891829269
local_perturbation,0.1805305705354807,0.13673417962002213,0.995057105913243,1.7866085284754751,2.8170745084091675,False,33,1.7139912575856073
local_perturbation,0.1856672775194315,0.14630576496980024,1.0,1.8,1.894527666784088,True,34,0.8997853572793322
local_perturbation,0.1941394694807228,0.1624999999999998,0.972151765932712,1.8,2.2741173879836407,True,35,1.6087789683967526
local_perturbation,0.17656593903478424,0.1624999999999998,0.9815991188246233,1.7927645370046321,2.7290271190060302,False,36,1.6285249415942231
local_perturbation,0.19024558263768726,0.1534782358730593,1.0,1.743975429786499,2.5566958907775765,True,37,1.6656311337858927
local_perturbation,0.1846126805797366,0.148336668668443,0.9722902561309215,1.7682687233996697,2.7801118049002,False,38,1.3824479052259866
local_perturbation,0.19078110018508632,0.14078677216305371,1.0,1.8,1.94613534859874,True,39,1.4690972964762918
local_perturbation,0.18335463734210802,0.1624999999999998,1.0,1.7776534038247866,2.2227810711238996,True,40,0.6866503917312754
local_perturbation,0.19023888693747118,0.15951375903232526,0.9579653406279588,1.8,1.9966068020192869,True,41,1.4246495545881663
local_perturbation,0.1800065803576498,0.1624999999999998,0.9250511070792881,1.8,2.785176388829178,False,42,2.345609255410714
local_perturbation,0.1842108455326075,0.13826495987851667,0.9874791864822321,1.8,2.1810759212259736,True,43,1.4165276698989149
local_perturbation,0.1839785035726789,0.1307100262603379,1.0,1.8,2.1994027904468783,True,44,1.790618751855179
local_perturbation,0.18941367189260416,0.14872633635156715,0.9715449814497626,1.8,1.9164147835987435,True,45,1.272538135389251
local_perturbation,0.18957484901930463,0.16023285096336204,0.9992255705415485,1.8,2.0560920330692283,True,46,0.6501752382718248
local_perturbation,0.189217100043633,0.15727190168833188,0.994408365593753,1.8,1.9927160603052383,True,47,0.6661796684219231
local_perturbation,0.17316066816630418,0.14328768599798322,1.0,1.7233436366754347,5.860311341736134,False,48,3.0355225088728957
local_perturbation,0.18187502865260427,0.15655436480730736,0.9464758850955172,1.7638865212908348,3.3483008839559885,False,49,1.9183204342045492
local_perturbation,0.19499813265699956,0.14625908670818916,1.0,1.8,2.2461274839128653,True,50,1.7860215834874291
local_perturbation,0.1863269808162654,0.1624999999999998,0.9564866728312411,1.8,1.9829582127721868,True,51,1.2469514570941482
local_perturbation,0.19177450789629136,0.15485285708731994,0.995403813638082,1.8,2.1186884353694744,True,52,1.0981443121768184
local_perturbation,0.1892653577907099,0.1624999999999998,1.0,1.7984413537590678,2.0453825860402857,True,53,0.5871873022216743
local_perturbation,0.19422042960736852,0.1624999999999998,1.0,1.7674982538389388,1.995748169324059,True,54,1.6288744969264102
local_perturbation,0.18361004819902005,0.1624999999999998,1.0,1.7583648282938469,2.58547619467907,False,55,1.100288636096565
local_perturbation,0.18602300332857533,0.1167614792844831,1.0,1.8,2.254698663808548,True,56,2.5414362704321687
local_perturbation,0.18726092875779354,0.15288288921889415,0.9874172517073851,1.7922672969920328,1.9403771153659215,True,57,0.7179766036569323
local_perturbation,0.18740415544649663,0.14540427266354097,0.994766578665984,1.7329829978151274,3.1756345431551103,False,58,1.9512720680959277
local_perturbation,0.17322093269307087,0.15651649064715986,0.9522382712023382,1.8,3.5186750435292486,False,59,2.516580627157706
local_perturbation,0.178096163085029,0.1593339201993587,0.9554202240569755,1.8,2.7294780890150485,False,60,1.811222331080199
local_perturbation,0.19180338612495432,0.1436347272503947,0.9880871585692179,1.7465373797895853,2.6491262240242888,False,61,2.0046405484697534
local_perturbation,0.18159249597369453,0.1575147155037393,1.0,1.7935120287360244,2.113900935326844,True,62,0.7636426021549382
local_perturbation,0.18654810518900564,0.1624999999999998,0.9350927568017401,1.8,2.1532581680961993,True,63,1.8592570290557409
local_perturbation,0.18434810467406657,0.1624999999999998,1.0,1.7761261115166107,2.1868185778451816,True,64,0.6409512875734327
local_perturbation,0.1906213616736953,0.1191414083952305,0.9744196875590904,1.8,2.139494653205775,True,65,2.644939540259513
local_perturbation,0.18459475751245907,0.1624999999999998,0.9968474053242325,1.7736451238643696,2.2417900729617806,True,66,0.6923130403732893
local_perturbation,0.18916618359605591,0.15676652448649375,0.9604996253563752,1.7993100748706525,1.93612229766422,True,67,1.3036983909423165
local_perturbation,0.1854856488649355,0.1624999999999998,0.9526154289969617,1.7894497690925435,2.260865028086811,True,68,1.3800015347241517
local_perturbation,0.18928934972512862,0.14346056949760594,0.9535388293527983,1.8,2.078560266050632,True,69,1.796929166524895
local_perturbation,0.19557711202391848,0.1624999999999998,1.0,1.7743350764814252,2.162895120867763,True,70,1.759045017607919
local_perturbation,0.19295486616844051,0.1624999999999998,1.0,1.7715601482610024,1.9616685572446415,True,71,1.3955152648673703
local_perturbation,0.1921855878613575,0.1624999999999998,0.9927334370003896,1.7146641938684077,2.9771113533939597,False,72,2.396861643724544
local_perturbation,0.18171361696206403,0.1558509740702922,0.9947857833291021,1.7353918043649386,3.5725348847003726,False,73,1.7944627943027491
local_perturbation,0.19265308483219015,0.1522155613521425,1.0,1.8,2.165173855749042,True,74,1.2845747964724792
local_perturbation,0.17606456388573666,0.15936979382893574,0.9847535087347343,1.8,2.6816040450911554,False,75,1.6810025593357418
local_perturbation,0.19767737926209214,0.14424586428152955,1.0,1.7683533650590022,2.0322121254960166,True,76,2.367723114338435
local_perturbation,0.18402670879215322,0.1624999999999998,0.9997643881688129,1.8,1.8389272129451482,True,77,0.28729408024515113
local_perturbation,0.1795013807774061,0.1624999999999998,0.9803000660715192,1.8,2.2281619358666136,True,78,1.1838057691183086
local_perturbation,0.1708152050409833,0.15564509564967205,0.9988804226594602,1.8,3.291585029474372,False,79,2.518299778867209
local_perturbation,0.18813112091887974,0.15813486077846842,0.9820480255344388,1.7143354614988457,3.474605338817747,False,80,2.2507534805069933
local_perturbation,0.1892184435424923,0.13896463754010457,1.0,1.8,1.872098059566451,True,81,1.4296077675683851
local_perturbation,0.18304738452791242,0.15891341950431384,0.9883694482663288,1.8,1.9739396518078982,True,82,0.5941541279736837
local_perturbation,0.18372431257518912,0.1624999999999998,1.0,1.8,1.8461159744956068,True,83,0.3376145708018132
local_perturbation,0.1875731786403498,0.1489980221865978,0.9537022238228602,1.8,2.107395444074937,True,84,1.5507354832710822
local_perturbation,0.18433637189011345,0.1624999999999998,0.9600219587361769,1.746839037341751,3.1798455164031814,False,85,1.7681921104597706
local_perturbation,0.17889298726659159,0.152884574420545,1.0,1.8,2.2839120044756878,True,86,1.261519784136984
local_perturbation,0.18046353610420957,0.12043781695993783,0.9776913060469647,1.760263754910268,4.258969134668284,False,87,2.7622451902441783
local_perturbation,0.18521926078779102,0.1624999999999998,1.0,1.8,1.8613364423226098,True,88,0.08845653536816249
local_perturbation,0.19081320253528794,0.15148393999859971,1.0,1.7755843324750211,1.9578115513914804,True,89,1.2079891379053842
local_perturbation,0.18441376972428247,0.1624999999999998,1.0,1.8,1.8385539532550748,True,90,0.22270504595292098
local_perturbation,0.18931908064294312,0.1624999999999998,1.0,1.8,2.0671861837936527,True,91,0.594846773823853
local_perturbation,0.18400010006990586,0.1624999999999998,1.0,1.7937520965278935,1.8927737680691594,True,92,0.3308434702800726
local_perturbation,0.18706671329631677,0.1624999999999998,0.9937083701185634,1.8,1.9295385419285702,True,93,0.2836780563831624
local_perturbation,0.18767832158864214,0.1624999999999998,1.0,1.787161032554305,1.8571718597695857,True,94,0.454217995978153
local_perturbation,0.1817160032768457,0.14659011740768169,1.0,1.8,2.1356969612884265,True,95,1.1105311405285918
local_perturbation,0.1903282806160578,0.14955065157003955,1.0,1.7816591837882878,1.9185901898562747,True,96,1.1445652269941295
local_perturbation,0.18739601103916823,0.14889823837304117,1.0,1.760085988621226,2.4855039744253977,True,97,1.2813965327902987
local_perturbation,0.18858630850983749,0.1624999999999998,1.0,1.8,2.0255974045565077,True,98,0.47271808497291457
local_perturbation,0.17016039015902604,0.1624999999999998,0.9636634692072161,1.7774987648590024,4.290365295773386,False,99,2.853992044083606
local_perturbation,0.179551214617708,0.1624999999999998,0.9698051844237038,1.7539818375231566,3.4812117376116785,False,100,1.7706413657537647
local_perturbation,0.18735319027882094,0.1624999999999998,1.0,1.7800554749611752,1.9367729270329337,True,101,0.5656942845387465
local_perturbation,0.17041410214137706,0.1624999999999998,1.0,1.8,3.188615221586805,False,102,2.555982976437156
local_perturbation,0.18006436920929758,0.1624999999999998,1.0,1.8,2.0322073489034826,True,103,0.9476051317837362
local_perturbation,0.19124397987022596,0.14775256543144943,0.961057960592707,1.779039267181823,2.227403016208172,True,104,1.7384576442626307
local_perturbation,0.1920453820849229,0.15286228893488002,1.0,1.8,2.1325872962823227,True,105,1.1779507144147732
local_perturbation,0.1898327559942519,0.1624999999999998,1.0,1.8,2.101975265359416,True,106,0.6804593323753161
local_perturbation,0.18635465433304488,0.1335322405051189,0.9806627127491553,1.7322527200747955,3.825416866875165,False,107,2.4028888368565737
local_perturbation,0.1809289721396211,0.1350646661329696,1.0,1.8,2.4271828930279753,True,108,1.723009077480844
local_perturbation,0.17461624204588028,0.1624999999999998,1.0,1.8,2.678360221248346,False,109,1.8556263256866203
local_perturbation,0.17975003155212702,0.1624999999999998,1.0,1.7706670228917525,2.664670360805563,False,110,1.240062175426132
local_perturbation,0.1890010391906776,0.1624999999999998,1.0,1.8,2.0490450633530872,True,111,0.5418398651129327
local_perturbation,0.18649815343727333,0.1547381772813981,1.0,1.8,1.863925298539953,True,112,0.4488788984254726
local_perturbation,0.18467537194350153,0.15145778739404514,0.9343045048730693,1.7761265991893695,2.9549437070372155,False,113,2.0707006568784054
local_perturbation,0.18466849697854007,0.1624999999999998,0.9815484116457754,1.8,1.9032670438189692,True,114,0.5571514004783152
local_perturbation,0.17140637833665898,0.1624999999999998,0.981368554386556,1.728918087112205,5.633739255875124,False,115,3.0259307062066214
local_perturbation,0.19276493379611462,0.15707182942606637,0.9890296546310425,1.7703653366685785,1.978142522799998,True,116,1.450859507753804
local_perturbation,0.19657877013646072,0.1624999999999998,0.9794908233408429,1.783279477601389,2.272906007149029,True,117,1.9430358779029866
local_perturbation,0.1843726683857451,0.15504723852493418,0.9626134958027195,1.748756719798127,3.271579542765343,False,118,1.7338739086927
local_perturbation,0.18044999944480494,0.15300140994246036,0.971402614380205,1.8,2.4052187936411737,True,119,1.3139044970250324
local_perturbation,0.18424417883795235,0.1624999999999998,1.0,1.7555852213928405,2.59710099644863,False,120,1.1383788417372072
local_perturbation,0.1850190107467792,0.15207073326720355,0.9695935869074871,1.8,2.0896819352231373,True,121,1.0513259436057845
local_perturbation,0.18230775518867126,0.14621557848948724,0.9389600604069441,1.7682469669229266,3.5250516195253923,False,122,2.1952890085201915
local_perturbation,0.19797430574676916,0.1624999999999998,1.0,1.7903414253029923,2.50773751639291,True,123,2.0516431927779215
local_perturbation,0.17603188506629885,0.14461568815530274,0.9947730857458226,1.7590968603258135,4.048002956818662,False,124,2.1629929635903387
local_perturbation,0.20244302727829477,0.1624999999999998,1.0,1.7949806408364122,2.924552145890068,False,125,2.7849996207768943
local_perturbation,0.1880741263141918,0.1624999999999998,1.0,1.749498727924262,2.4577235334479366,True,126,1.320617268898257
local_perturbation,0.1873944154136572,0.14197870298780882,0.9849055489660369,1.8,1.9523742664760018,True,127,1.2493486613798273
local_perturbation,0.18320620369671373,0.1624999999999998,0.9642859286024048,1.779305770445994,2.508708318991891,True,128,1.2200920029383648
local_perturbation,0.1933804023377239,0.13584604254915714,1.0,1.8,2.0330133696031325,True,129,1.9519227670722252
local_perturbation,0.1826610768382945,0.1624999999999998,0.9923832914556324,1.8,1.9217732505451253,True,130,0.5589264223696644
local_perturbation,0.1959747338638175,0.1624999999999998,1.0,1.7838393735485985,2.300378961985826,True,131,1.7513599013828716
local_perturbation,0.18827178808734657,0.1624999999999998,0.9648749624837502,1.7853565326582799,2.0608872944865744,True,132,1.1479667436806877
local_perturbation,0.19103055352533138,0.127991117126388,0.9800612393564966,1.8,1.9607027638633034,True,133,2.185085690515468
local_perturbation,0.1803468216280405,0.1624999999999998,1.0,1.8,2.01317146635787,True,134,0.9005297286599165
local_perturbation,0.18189350474375313,0.1624999999999998,0.9583784609157457,1.8,2.249996556846293,True,135,1.351773599803112
local_perturbation,0.1780508521831921,0.1624999999999998,0.9398797468020608,1.8,2.8465844205581488,False,136,2.144095879305254
local_perturbation,0.18591699867954156,0.1624999999999998,1.0,1.8,1.8879592924558481,True,137,0.02783311325692724
local_perturbation,0.17835728821898503,0.13669577743102249,1.0,1.8,2.7534463670561027,False,138,1.890299791433371
local_perturbation,0.1820581999786763,0.1624999999999998,1.0,1.7643161606995896,2.5768585172107965,False,139,1.0837109099683528
local_perturbation,0.16640431741522185,0.1623912128775806,0.9483258019257714,1.8,4.319634723449171,False,140,3.546236666352466
local_perturbation,0.18529451918352574,0.1466119581424903,1.0,1.8,1.9052793443611833,True,141,0.8859274261611852
local_perturbation,0.19583479973282386,0.1459315292112362,0.977375406014636,1.8,2.2123985953274037,True,142,2.022426640211101
local_perturbation,0.1982582912272027,0.1624999999999998,1.0,1.8,2.6241128853060824,False,143,2.0847152045337842
local_perturbation,0.1878648283934239,0.1624999999999998,0.9977424451474676,1.7408520404815928,2.6684514849396535,False,144,1.5214950661152378
local_perturbation,0.17548276322811865,0.15549800310870368,1.0,1.8,2.71807257817292,False,145,1.7548638922587787
local_perturbation,0.17818850783045534,0.1624999999999998,1.0,1.7914156651342428,2.3565486044857127,True,146,1.2783909911437823
local_perturbation,0.17877874342263286,0.15254906212316283,1.0,1.8,2.3045589689951913,True,147,1.286692248157748
local_perturbation,0.1950995449326512,0.1624999999999998,1.0,1.8,2.4393165067885128,True,148,1.558257488775199
local_perturbation,0.18589897328586527,0.1624999999999998,0.954660435803182,1.7775599872561116,2.444404130884489,True,149,1.4118926143716013
local_perturbation,0.1837768986738166,0.1447554103586678,1.0,1.7327542166495338,3.59494196429997,False,150,1.9764139221178494
local_perturbation,0.18360896611082952,0.1398774905072894,0.9937473136891067,1.8,2.14812346341412,True,151,1.3186397389554496
local_perturbation,0.18206041451396252,0.1624999999999998,1.0,1.7878483627372312,2.119203342173116,True,152,0.6858782395689538
local_perturbation,0.19580550299284197,0.1624999999999998,0.9331394102182077,1.8,2.292084018135302,True,153,2.5412505260434877
local_perturbation,0.17987700317254174,0.1204641881343076,1.0,1.770341055261341,3.711245331132596,False,154,2.6384900505241236
local_perturbation,0.18026980011404486,0.1336771492535357,0.9551285173971352,1.7488348976001007,4.6144658831997,False,155,2.584202493491371
local_perturbation,0.193393131983051,0.1624999999999998,0.9893542088119385,1.8,2.291111725925516,True,156,1.309665618260065
local_perturbation,0.19025960330501238,0.1624999999999998,1.0,1.8,2.131013759258069,True,157,0.7516005508353962
local_perturbation,0.18541784390782,0.1624999999999998,1.0,1.7764154058894004,2.114580509162129,True,158,0.5922080142054829
local_perturbation,0.17580959579963798,0.15830223327642848,1.0,1.8,2.6076289063406253,False,159,1.6730673081151386
local_perturbation,0.17722139346228793,0.1624999999999998,0.9708597065923148,1.7901309726094952,2.8296899933315878,False,160,1.6656946073751235
local_perturbation,0.1851846245943612,0.1624999999999998,1.0,1.7947241917263086,1.8519925972853473,True,161,0.16209717511317326
local_perturbation,0.183288811941776,0.15705745663226134,1.0,1.7397452524557184,3.151783915938964,False,162,1.5902304020699634
local_perturbation,0.19597351371593222,0.1624999999999998,1.0,1.8,2.4911685741985927,True,163,1.70391895265537
local_perturbation,0.1809434710128209,0.1624999999999998,0.9830569240909971,1.8,2.1045499718867813,True,164,0.9359932296378818
local_perturbation,0.18486658316653576,0.1624999999999998,0.9658626375186349,1.7506946396160472,2.973719224132687,False,165,1.5787270105372455
local_perturbation,0.1754904489288738,0.1624999999999998,1.0,1.8,2.553874350567227,False,166,1.7099251785210323
local_perturbation,0.19100154547758416,0.1624999999999998,0.9642596275700619,1.7626397956073907,2.326878477765431,True,167,1.637435752106818
local_perturbation,0.18185504265866587,0.16209131840724023,1.0,1.8,1.9206104211993449,True,168,0.6495564841612859
local_perturbation,0.18902388225423714,0.1624999999999998,1.0,1.7782439253612827,1.9038796413125907,True,169,0.7704284098173203
local_perturbation,0.1810221240689235,0.1624999999999998,0.9879107017408174,1.7551288547608992,3.0403830385776667,False,170,1.4137205365387906
local_perturbation,0.19419908773451747,0.13145368033562438,1.0,1.8,2.0373541239433846,True,171,2.226632925984078
local_perturbation,0.19186823385742335,0.1624999999999998,0.9920148687814075,1.7790155001715358,1.9601072072609935,True,172,1.1692171495355943
local_perturbation,0.18104425407669258,0.1519340519392615,1.0,1.8,2.1087305648322148,True,173,0.9796315455545027
local_perturbation,0.17899482685443316,0.1422970866965986,1.0,1.8,2.5065474715117424,False,174,1.5897520809746046
local_perturbation,0.18768869610137254,0.15190208708815722,1.0,1.8,1.888209545081607,True,175,0.6716081705257674
local_perturbation,0.1774072758757061,0.13939943298133592,1.0,1.8,2.8227272197611537,False,176,1.8921912381739958
local_perturbation,0.182186445921342,0.15426175316797633,1.0,1.781995275096292,2.3342176525366196,True,177,0.874542947610624
local_perturbation,0.17561544645822388,0.15614913202910807,1.0,1.7756488624922697,3.2639076623978904,False,178,1.8297896119134636
local_perturbation,0.19788010229157574,0.1624999999999998,1.0,1.7872531683432415,2.4689943086399078,True,179,2.046645088397515
local_perturbation,0.1873319023123075,0.14242552566821737,1.0,1.8,1.8737363541685734,True,180,1.1459890520836309
local_perturbation,0.1830047841617751,0.1624999999999998,1.0,1.7341318986148804,3.2076713840264883,False,181,1.7090840834124017
local_perturbation,0.18788873002493986,0.1624999999999998,0.9882601640426918,1.8,1.958728980582432,True,182,0.4894582232200272
local_perturbation,0.18191530317962873,0.15911113040061117,0.9723806279942493,1.8,2.174005340297587,True,183,1.0327794346042163
local_perturbation,0.18216052781037995,0.1624999999999998,0.9893836136858954,1.8,1.9756269501975934,True,184,0.6707486626144538
local_perturbation,0.17559977519101974,0.1524702316346427,1.0,1.8,2.769795133926617,False,185,1.7811078416465682
local_perturbation,0.1844278731800468,0.1624999999999998,1.0,1.7969079887312167,1.8531882247055333,True,186,0.23351964799448888
local_perturbation,0.18890189572923763,0.1624999999999998,0.9774435766890751,1.7681124467128584,2.2355615103129933,True,187,1.1518712968991278
local_perturbation,0.1909997761559472,0.1624999999999998,1.0,1.8,2.18062526108316,True,188,0.8749626926578685
local_perturbation,0.19034761608432293,0.1550376100781869,0.9815074521168954,1.7276521243446836,3.0420635174184905,False,189,2.0759552363469056
local_perturbation,0.18597069316912285,0.1612393594795127,1.0,1.8,1.8808750356511283,True,190,0.0791069715671789
local_perturbation,0.19429991523434,0.1624999999999998,0.9885125800975513,1.8,2.3447533561493477,True,191,1.4622954050483519
local_perturbation,0.1930388318089466,0.15559997993672245,0.9623509735948255,1.7543197872431644,2.4759028508331387,True,192,2.0208846446427664
local_perturbation,0.18786343855153276,0.1305003940229384,0.9905108055578032,1.8,2.0262711300425384,True,193,1.832483236423786
local_perturbation,0.18261083037204295,0.1624999999999998,1.0,1.8,1.8781071348137723,True,194,0.5231949379928408
local_perturbation,0.1838028222381208,0.1624999999999998,1.0,1.7363629979621513,3.0522766323955346,False,195,1.6236877767957474
local_perturbation,0.19045191568581044,0.1624999999999998,0.9679955852751504,1.7972360323476289,2.023473897238965,True,196,1.2062483775109538
local_perturbation,0.1919291511090622,0.1624999999999998,1.0,1.8,2.24161386341999,True,197,1.029858518177033
local_perturbation,0.18276929339692802,0.1624999999999998,1.0,1.7988201060787052,1.8835390833978698,True,198,0.4976593887911369
local_perturbation,0.18386345342517352,0.158801222545094,0.9825529472189569,1.7703573775833186,2.5319401953883203,True,199,0.9688939911018132
local_perturbation,0.17822703191289307,0.1409476096075976,1.0,1.8,2.667864466028044,False,200,1.7337080891025736
local_perturbation,0.18910491059545959,0.160763796992317,1.0,1.7511987378703098,2.3828136854550364,True,201,1.3455227217177197
local_perturbation,0.1894605291772047,0.1624999999999998,1.0,1.787190627332122,1.9284433477095253,True,202,0.6964159718025433
local_perturbation,0.19792102167757905,0.1624999999999998,1.0,1.8,2.6029189698066575,False,203,2.028503612929842
local_perturbation,0.19255007635424662,0.1624999999999998,0.9678592346868947,1.8,2.1633355768060043,True,204,1.4586850591259075
local_perturbation,0.1868319483077296,0.16004533940399446,1.0,1.6853080132586225,4.335212600824237,False,205,2.8761990854275097
local_perturbation,0.19534984143631537,0.1624999999999998,1.0,1.7945690515229986,2.383311679475484,True,206,1.605724115235813
local_perturbation,0.18132935578911552,0.15426235918955447,0.9969330673628016,1.7655012445171603,2.8237435054358597,False,207,1.2262982924151231
local_perturbation,0.17985953716437542,0.14130945392484964,0.9965931128906318,1.8,2.4554059963464563,True,208,1.5359750954320395
local_perturbation,0.18927039509394622,0.1624999999999998,1.0,1.8,2.0644002782720596,True,209,0.5867325156577036
local_perturbation,0.19156800115345132,0.1624999999999998,1.0,1.8,2.218084130811321,True,210,0.969666858908554
local_perturbation,0.18497953661949945,0.15284932352083008,1.0,1.8,1.8721786180769466,True,211,0.5513117939157482
local_perturbation,0.1860885840824924,0.1624999999999998,0.970337018379893,1.8,1.9188589597825239,True,212,0.849390367296012
local_perturbation,0.1925931181100403,0.1624999999999998,0.9957963169194755,1.8,2.2668800802937623,True,213,1.1468262372175937
local_perturbation,0.17815146013388944,0.15679578491637677,0.9698711921357809,1.7875187342794074,2.9202554639874982,False,214,1.5945639743405886
local_perturbation,0.18251060162287272,0.14474469732267262,1.0,1.8,2.1065116566547557,True,215,1.1244945226210308
local_perturbation,0.19099092780121443,0.1624999999999998,0.9871680224186664,1.7547667451709938,2.28238143498561,True,216,1.4751870583060738
local_perturbation,0.1859781945345065,0.13615777466416015,0.9334833112702675,1.8,2.5762868745747265,True,217,2.398950790365142
local_perturbation,0.17317449449423375,0.1624999999999998,1.0,1.8,2.862016300754966,False,218,2.0959175842943747
local_perturbation,0.17399941903989358,0.1573901432623686,1.0,1.7798756420407074,3.340579307473074,False,219,2.0418510446543707
local_perturbation,0.18610640619215096,0.14684070409452302,1.0,1.8,1.8790083335656036,True,220,0.8719864802077991
local_perturbation,0.18603678201444446,0.15226010885800756,0.9963987015720807,1.799374225291585,1.8686693120122935,True,221,0.5802966581896851
local_perturbation,0.18033934462991413,0.14856484500634282,1.0,1.8,2.208495005602353,True,222,1.1885062578739565
local_perturbation,0.17948488454802622,0.15816306154423626,0.954580204133461,1.6753077396281117,6.961022480452969,False,223,3.5426012889233416
local_perturbation,0.18314130006600368,0.1624999999999998,1.0,1.7952799539166802,1.9179692900158651,True,224,0.4505117193498878
local_perturbation,0.18431185839820297,0.1624999999999998,0.9658072466624326,1.8,2.026826454342561,True,225,1.0059100358603767
local_perturbation,0.1777175837112008,0.1624999999999998,0.9448915800105541,1.8,2.8287403248464056,False,226,2.0667237914213255
local_perturbation,0.17664869779721806,0.14376167688404756,1.0,1.7906387307241955,3.0366605312540544,False,227,1.8545687871668552
local_perturbation,0.19138290570133826,0.13929093358313283,1.0,1.8,1.9630602236653845,True,228,1.594964494848518
local_perturbation,0.1887100031902518,0.1624999999999998,1.0,1.8,2.0325657135133457,True,229,0.4933338650419672
local_perturbation,0.1932470995073073,0.13161506011796956,1.0,1.7570433536348435,2.4125073428412427,True,230,2.378793849478367
local_perturbation,0.18256120575648985,0.1624999999999998,1.0,1.7951572596051715,1.9559150674296164,True,231,0.5450810784340768
local_perturbation,0.18349802138941906,0.1479169410987981,1.0,1.7101918228266997,4.341571670449393,False,232,2.4162348177591455
local_perturbation,0.1779407264803611,0.1624999999999998,1.0,1.8,2.191820909458619,True,233,1.3015455866064822
local_perturbation,0.186246109369942,0.1624999999999998,0.9888397262669305,1.8,1.886224138290638,True,234,0.32941107601294106
local_perturbation,0.1786509287256446,0.13892189814859335,0.9710975528533947,1.750687638446531,4.434285157758056,False,235,2.305964629875842
local_perturbation,0.18931010567894102,0.1598015331138645,1.0,1.736087162337484,2.689563506688518,False,236,1.7110147756096172
local_perturbation,0.1898687348643043,0.1529862902515643,1.0,1.7418517398851936,2.632425573622749,False,237,1.6922878319348578
local_perturbation,0.18021767333476066,0.1624999999999998,1.0,1.8,2.0218453795589753,True,238,0.9220544442065566
local_perturbation,0.18151663379524588,0.1415656918629567,1.0,1.8,2.2212565330593255,True,239,1.360303345332593
local_perturbation,0.1855915678721318,0.1624999999999998,1.0,1.7326975529961073,2.9916697999051447,False,240,1.6827683591923113
local_perturbation,0.1814856503184128,0.1624999999999998,1.0,1.8,1.9387564157075048,True,241,0.7107249469312007
local_perturbation,0.1798444289890775,0.13773100898975482,1.0,1.7996712077507626,2.509558135392096,True,242,1.691852961353659
local_perturbation,0.1843138279302579,0.1624999999999998,1.0,1.8,1.8357831976001842,True,243,0.2393620116236811
local_perturbation,0.1784717434650507,0.1624999999999998,1.0,1.8,2.1445519270632567,True,244,1.2130427558248817
local_perturbation,0.17308056708725716,0.1624999999999998,1.0,1.777486179691575,3.4038622687264195,False,245,2.1852990685887344
local_perturbation,0.18762060752997647,0.1624999999999998,0.9934887331076522,1.8,1.9554805465734864,True,246,0.3630546839581285
local_perturbation,0.1875184460108152,0.1624999999999998,1.0,1.7462681492580285,2.560053479096774,False,247,1.375251658149155
local_perturbation,0.18928595996469974,0.1586149451855381,1.0,1.7802991149579863,1.9021909397793322,True,248,0.7977902607065268
local_perturbation,0.18480911302802022,0.15316538801861423,1.0,1.8,1.8749223380044715,True,249,0.5417803171067844
local_perturbation,0.18635005332507631,0.1624999999999998,1.0,1.8,1.9077872953191795,True,250,0.10000888751271937
local_perturbation,0.18687792922304064,0.1624999999999998,0.9984845916030723,1.7342446525227628,2.87391892867478,False,251,1.6551639810892862
local_perturbation,0.1812851210096998,0.1624999999999998,0.9942499635387444,1.8,1.9948236278785314,True,252,0.7620657119074569
local_perturbation,0.1874971670139099,0.1624999999999998,0.9364186135732215,1.8,2.0849850246081143,True,253,1.8398015957189697
local_perturbation,0.18771367475342765,0.15546380737461857,0.9695770691509374,1.8,1.9254185921384528,True,254,1.0077048131179505
local_perturbation,0.19365603048376462,0.14759727161531155,0.9894883441989498,1.7731752871605395,1.9845238889965933,True,255,1.720945680857017
