row_type,cell,a_lower,a_upper,first_lower,first_upper,second_lower,second_upper,root_width,objective_lower,objective_upper,numerical_objective,left_derivative_lower,right_derivative_upper,maximum_second_derivative_upper
curvature_cell,0,0.2178955078125,0.21796083450317383,0.037925084357714585,0.039442818955783505,-4.002571478626325,-3.9841610850769773,,,,,,,
curvature_cell,1,0.21796083450317383,0.21802616119384766,0.0376643769905658,0.03918180961471641,-4.002114023224657,-3.9837089553641447,,,,,,,
curvature_cell,2,0.21802616119384766,0.21809148788452148,0.037403699199858205,0.03892083007218065,-4.001657261207118,-3.983257510431033,,,,,,,
curvature_cell,3,0.21809148788452148,0.2181568145751953,0.03714305094068127,0.03865988028307834,-4.0012011922411075,-3.982806749951114,,,,,,,
curvature_cell,4,0.2181568145751953,0.21822214126586914,0.036882432168146274,0.03839896020233189,-4.000745815994708,-3.982356673598544,,,,,,,
curvature_cell,5,0.21822214126586914,0.21828746795654297,0.03662184283738463,0.0381380697848867,-4.000291132136699,-3.981907281048144,,,,,,,
curvature_cell,6,0.21828746795654297,0.2183527946472168,0.036361282903550514,0.03787720898570839,-3.999837140336536,-3.9814585719754345,,,,,,,
curvature_cell,7,0.2183527946472168,0.21841812133789062,0.03610075232181826,0.03761637775978469,-3.999383840264386,-3.9810105460565812,,,,,,,
curvature_cell,8,0.21841812133789062,0.21848344802856445,0.035840251047384176,0.0373555760621248,-3.998931231591088,-3.9805632029684483,,,,,,,
curvature_cell,9,0.21848344802856445,0.21854877471923828,0.0355797790354652,0.03709480384775917,-3.9984793139881685,-3.9801165423885676,,,,,,,
curvature_cell,10,0.21854877471923828,0.2186141014099121,0.035319336241299494,0.03683406107173998,-3.9980280871278544,-3.9796705639951324,,,,,,,
curvature_cell,11,0.2186141014099121,0.21867942810058594,0.035058922620146656,0.036573347689140036,-3.997577550683039,-3.9792252674670334,,,,,,,
curvature_cell,12,0.21867942810058594,0.21874475479125977,0.03479853812728661,0.03631266365505372,-3.997127704327323,-3.978780652483809,,,,,,,
curvature_cell,13,0.21874475479125977,0.2188100814819336,0.03453818271802132,0.036052008924597055,-3.9966785477349744,-3.9783367187256853,,,,,,,
curvature_cell,14,0.2188100814819336,0.21887540817260742,0.03427785634767285,0.03579138345290674,-3.996230080580959,-3.9778934658735507,,,,,,,
curvature_cell,15,0.21887540817260742,0.21894073486328125,0.03401755897158366,0.03553078719514113,-3.995782302540926,-3.9774508936089594,,,,,,,
curvature_cell,16,0.21894073486328125,0.21900606155395508,0.03375729054511866,0.03527022010647884,-3.995335213291193,-3.9770090016141544,,,,,,,
curvature_cell,17,0.21900606155395508,0.2190713882446289,0.03349705102366252,0.035009682142120156,-3.994888812508777,-3.9765677895720324,,,,,,,
curvature_cell,18,0.2190713882446289,0.21913671493530273,0.033236840362620736,0.034749173257286346,-3.9944430998713685,-3.9761272571661572,,,,,,,
curvature_cell,19,0.21913671493530273,0.21920204162597656,0.03297665851741972,0.03448869340721946,-3.993998075057337,-3.9756874040807713,,,,,,,
curvature_cell,20,0.21920204162597656,0.2192673683166504,0.032716505443506495,0.034228242547182146,-3.993553737745741,-3.975248230000776,,,,,,,
curvature_cell,21,0.2192673683166504,0.21933269500732422,0.03245638109634843,0.03396782063245877,-3.9931100876163153,-3.974809734611742,,,,,,,
curvature_cell,22,0.21933269500732422,0.21939802169799805,0.0321962854314343,0.033707427618354,-3.9926671243494725,-3.9743719175999037,,,,,,,
curvature_cell,23,0.21939802169799805,0.21946334838867188,0.031936218404272805,0.033447063460192945,-3.9922248476263036,-3.973934778652161,,,,,,,
curvature_cell,24,0.21946334838867188,0.2195286750793457,0.03167617997039302,0.03318672811332234,-3.991783257128581,-3.973498317456088,,,,,,,
curvature_cell,25,0.2195286750793457,0.21959400177001953,0.031416170085344676,0.03292642153310862,-3.9913423525387492,-3.973062533699904,,,,,,,
curvature_cell,26,0.21959400177001953,0.21965932846069336,0.03115618870469841,0.03266614367493966,-3.990902133539937,-3.972627427072509,,,,,,,
curvature_cell,27,0.21965932846069336,0.2197246551513672,0.03089623578404432,0.03240589449422398,-3.9904625998159475,-3.9721929972634538,,,,,,,
curvature_cell,28,0.2197246551513672,0.21978998184204102,0.030636311278993477,0.0321456739463895,-3.990023751051248,-3.9717592439629636,,,,,,,
curvature_cell,29,0.21978998184204102,0.21985530853271484,0.030376415145176913,0.03188548198688595,-3.989585586931,-3.971326166861911,,,,,,,
curvature_cell,30,0.21985530853271484,0.21992063522338867,0.030116547338246532,0.03162531857118286,-3.989148107141021,-3.970893765651842,,,,,,,
curvature_cell,31,0.21992063522338867,0.2199859619140625,0.029856707813873656,0.03136518365477053,-3.988711311367813,-3.97046204002496,,,,,,,
curvature_cell,32,0.2199859619140625,0.22005128860473633,0.029596896527749657,0.031105077193159778,-3.988275199298556,-3.970030989674115,,,,,,,
curvature_cell,33,0.22005128860473633,0.22011661529541016,0.029337113435587075,0.03084499914188109,-3.987839770621084,-3.9696006142928364,,,,,,,
curvature_cell,34,0.22011661529541016,0.22018194198608398,0.029077358493117707,0.030584949456485603,-3.987405025023916,-3.969170913575303,,,,,,,
curvature_cell,35,0.22018194198608398,0.2202472686767578,0.028817631656093228,0.030324928092545143,-3.9869709621962444,-3.968741887216343,,,,,,,
curvature_cell,36,0.2202472686767578,0.22031259536743164,0.028557932880286057,0.030064935005651428,-3.986537581827926,-3.968313534911458,,,,,,,
curvature_cell,37,0.22031259536743164,0.22037792205810547,0.028298262121487904,0.02980497015141548,-3.9861048836094843,-3.9678858563567942,,,,,,,
curvature_cell,38,0.22037792205810547,0.2204432487487793,0.028038619335510353,0.029545033485470402,-3.9856728672321227,-3.9674588512491584,,,,,,,
curvature_cell,39,0.2204432487487793,0.22050857543945312,0.02777900447818547,0.029285124963467166,-3.9852415323877044,-3.967032519286014,,,,,,,
curvature_cell,40,0.22050857543945312,0.22057390213012695,0.027519417505364723,0.02902524454107869,-3.9848108787687653,-3.966606860165477,,,,,,,
curvature_cell,41,0.22057390213012695,0.22063922882080078,0.02725985837291887,0.028765392173996502,-3.9843809060685094,-3.9661818735863146,,,,,,,
curvature_cell,42,0.22063922882080078,0.2207045555114746,0.02700032703673971,0.02850556781793261,-3.983951613980795,-3.9657575592479657,,,,,,,
curvature_cell,43,0.2207045555114746,0.22076988220214844,0.026740823452737022,0.028245771428619355,-3.9835230022001737,-3.965333916850486,,,,,,,
curvature_cell,44,0.22076988220214844,0.22083520889282227,0.026481347576841726,0.027986002961808216,-3.9830950704218324,-3.964910946094626,,,,,,,
curvature_cell,45,0.22083520889282227,0.2209005355834961,0.026221899365003323,0.027726262373271016,-3.982667818341643,-3.964488646681756,,,,,,,
curvature_cell,46,0.2209005355834961,0.22096586227416992,0.02596247877319181,0.027466549618798842,-3.9822412456561316,-3.964067018313916,,,,,,,
curvature_cell,47,0.22096586227416992,0.22103118896484375,0.025703085757395504,0.02720686465420304,-3.981815352062497,-3.9636460606937867,,,,,,,
curvature_cell,48,0.22103118896484375,0.22109651565551758,0.025443720273623054,0.02694720743531444,-3.9813901372585954,-3.9632257735247047,,,,,,,
curvature_cell,49,0.22109651565551758,0.2211618423461914,0.025184382277902356,0.02668757791798353,-3.980965600942945,-3.9628061565106525,,,,,,,
curvature_cell,50,0.2211618423461914,0.22122716903686523,0.024925071726280622,0.026427976058080272,-3.980541742814728,-3.9623872093562675,,,,,,,
curvature_cell,51,0.22122716903686523,0.22129249572753906,0.024665788574824665,0.026168401811494327,-3.9801185625737863,-3.9619689317668283,,,,,,,
curvature_cell,52,0.22129249572753906,0.2213578224182129,0.02440653277962011,0.025908855134135007,-3.979696059920626,-3.9615513234482664,,,,,,,
curvature_cell,53,0.2213578224182129,0.22142314910888672,0.024147304296771876,0.02564933598193091,-3.979274234556414,-3.961134384107153,,,,,,,
curvature_cell,54,0.22142314910888672,0.22148847579956055,0.023888103082404657,0.02538984431083,-3.978853086182974,-3.9607181134507154,,,,,,,
curvature_cell,55,0.22148847579956055,0.22155380249023438,0.023628929092662062,0.02513038007679976,-3.978432614502784,-3.960302511186826,,,,,,,
curvature_cell,56,0.22155380249023438,0.2216191291809082,0.02336978228370634,0.02487094323582705,-3.9780128192189896,-3.959887577023999,,,,,,,
curvature_cell,57,0.2216191291809082,0.22168445587158203,0.023110662611719218,0.024611533743918324,-3.977593700035397,-3.9594733106713886,,,,,,,
curvature_cell,58,0.22168445587158203,0.22174978256225586,0.02285157003290182,0.024352151557098262,-3.9771752566564493,-3.9590597118388087,,,,,,,
curvature_cell,59,0.22174978256225586,0.2218151092529297,0.022592504503473606,0.024092796631411995,-3.9767574887872716,-3.958646780236703,,,,,,,
curvature_cell,60,0.2218151092529297,0.22188043594360352,0.022333465979673683,0.02383346892292314,-3.976340396133629,-3.9582345155761627,,,,,,,
curvature_cell,61,0.22188043594360352,0.22194576263427734,0.02207445441775933,0.023574168387714745,-3.975923978401945,-3.9578229175689255,,,,,,,
curvature_cell,62,0.22194576263427734,0.22201108932495117,0.02181546977400693,0.023314894981888618,-3.97550823529931,-3.957411985927361,,,,,,,
curvature_cell,63,0.22201108932495117,0.222076416015625,0.02155651200471195,0.023055648661566414,-3.975093166533449,-3.9570017203644965,,,,,,,
curvature_cell,64,0.222076416015625,0.22214174270629883,0.02129758106618895,0.022796429382887357,-3.9746787718127545,-3.9565921205939865,,,,,,,
curvature_cell,65,0.22214174270629883,0.22220706939697266,0.0210386769147704,0.02253723710201071,-3.974265050846269,-3.956183186330134,,,,,,,
curvature_cell,66,0.22220706939697266,0.22227239608764648,0.020779799506807858,0.02227807177511504,-3.97385200334369,-3.955774917287874,,,,,,,
curvature_cell,67,0.22227239608764648,0.2223377227783203,0.020520948798671567,0.022018933358396445,-3.9734396290153584,-3.955367313182792,,,,,,,
curvature_cell,68,0.2223377227783203,0.22240304946899414,0.020262124746750623,0.021759821808071348,-3.97302792757228,-3.9549603737311,,,,,,,
curvature_cell,69,0.22240304946899414,0.22246837615966797,0.020003327307452367,0.02150073708037355,-3.972616898726099,-3.954554098649658,,,,,,,
curvature_cell,70,0.22246837615966797,0.2225337028503418,0.019744556437202587,0.02124167913155674,-3.972206542189119,-3.954148487655958,,,,,,,
curvature_cell,71,0.2225337028503418,0.22259902954101562,0.019485812092446205,0.02098264791789276,-3.9717968576742906,-3.953743540468133,,,,,,,
curvature_cell,72,0.22259902954101562,0.22266435623168945,0.01922709422964555,0.02072364339567215,-3.971387844895213,-3.9533392568049495,,,,,,,
curvature_cell,73,0.22266435623168945,0.22272968292236328,0.018968402805282444,0.02046466552120402,-3.9709795035661295,-3.952935636385813,,,,,,,
curvature_cell,74,0.22272968292236328,0.2227950096130371,0.018709737775856588,0.02020571425081669,-3.970571833401942,-3.9525326789307607,,,,,,,
curvature_cell,75,0.2227950096130371,0.22286033630371094,0.018451099097885722,0.019946789540856092,-3.9701648341181954,-3.952130384160468,,,,,,,
curvature_cell,76,0.22286033630371094,0.22292566299438477,0.018192486727906406,0.019687891347687145,-3.9697585054310767,-3.951728751796247,,,,,,,
curvature_cell,77,0.22292566299438477,0.2229909896850586,0.017933900622472947,0.019429019627693642,-3.969352847057428,-3.951327781560036,,,,,,,
curvature_cell,78,0.2229909896850586,0.22305631637573242,0.017675340738158487,0.019170174337276805,-3.968947858714731,-3.950927473174412,,,,,,,
curvature_cell,79,0.22305631637573242,0.22312164306640625,0.01741680703155368,0.018911355432857036,-3.968543540121113,-3.9505278263625865,,,,,,,
curvature_cell,80,0.22312164306640625,0.22318696975708008,0.01715829945926783,0.01865256287087264,-3.9681398909953534,-3.9501288408484005,,,,,,,
curvature_cell,81,0.22318696975708008,0.2232522964477539,0.016899817977927705,0.018393796607780708,-3.9677369110568694,-3.949730516356323,,,,,,,
curvature_cell,82,0.2232522964477539,0.22331762313842773,0.01664136254417908,0.01813505660005574,-3.967334600025714,-3.949332852611469,,,,,,,
curvature_cell,83,0.22331762313842773,0.22338294982910156,0.016382933114684233,0.01787634280419158,-3.96693295762261,-3.9489358493395588,,,,,,,
curvature_cell,84,0.22338294982910156,0.2234482765197754,0.016124529646124732,0.017617655176699182,-3.966531983568894,-3.9485395062669677,,,,,,,
curvature_cell,85,0.2234482765197754,0.22351360321044922,0.015866152095199964,0.01735899367410804,-3.966131677586556,-3.948143823120694,,,,,,,
curvature_cell,86,0.22351360321044922,0.22357892990112305,0.015607800418626387,0.017100358252966106,-3.965732039398238,-3.947748799628348,,,,,,,
curvature_cell,87,0.22357892990112305,0.22364425659179688,0.0153494745731388,0.016841748869838722,-3.9653330687272037,-3.947354435518196,,,,,,,
curvature_cell,88,0.22364425659179688,0.2237095832824707,0.01509117451548994,0.016583165481309687,-3.9649347652973694,-3.946960730519115,,,,,,,
curvature_cell,89,0.2237095832824707,0.22377490997314453,0.014832900202449496,0.016324608043980466,-3.964537128833293,-3.9465676843606112,,,,,,,
curvature_cell,90,0.22377490997314453,0.22384023666381836,0.014574651590806285,0.016066076514470538,-3.964140159060162,-3.946175296772822,,,,,,,
curvature_cell,91,0.22384023666381836,0.2239055633544922,0.014316428637365276,0.015807570849417644,-3.963743855703814,-3.945783567486507,,,,,,,
curvature_cell,92,0.2239055633544922,0.22397089004516602,0.01405823129894984,0.01554909100547658,-3.963348218490719,-3.945392496233055,,,,,,,
curvature_cell,93,0.22397089004516602,0.22403621673583984,0.013800059532400861,0.015290636939320522,-3.962953247147986,-3.9450020827444843,,,,,,,
curvature_cell,94,0.22403621673583984,0.22410154342651367,0.013541913294577072,0.015032208607640167,-3.962558941403356,-3.944612326753432,,,,,,,
curvature_cell,95,0.22410154342651367,0.2241668701171875,0.013283792542353885,0.014773805967144284,-3.962165300985219,-3.944223227993158,,,,,,,
curvature_cell,96,0.2241668701171875,0.22423219680786133,0.013025697232624435,0.014515428974558835,-3.9617723256225985,-3.9438347861975465,,,,,,,
curvature_cell,97,0.22423219680786133,0.22429752349853516,0.012767627322300466,0.01425707758662745,-3.9613800150451333,-3.9434470011011165,,,,,,,
curvature_cell,98,0.22429752349853516,0.22436285018920898,0.012509582768309309,0.013998751760111576,-3.9609883689831293,-3.9430598724389982,,,,,,,
curvature_cell,99,0.22436285018920898,0.2244281768798828,0.01225156352759643,0.01374045145179033,-3.960597387167507,-3.9426733999469454,,,,,,,
curvature_cell,100,0.2244281768798828,0.22449350357055664,0.011993569557124965,0.013482176618460047,-3.9602070693298246,-3.942287583361336,,,,,,,
curvature_cell,101,0.22449350357055664,0.22455883026123047,0.011735600813874715,0.01322392721693426,-3.959817415202276,-3.9419024224191754,,,,,,,
curvature_cell,102,0.22455883026123047,0.2246241569519043,0.01147765725484287,0.012965703204044778,-3.959428424517692,-3.9415179168580745,,,,,,,
curvature_cell,103,0.2246241569519043,0.22468948364257812,0.011219738837043787,0.01270750453663977,-3.959040097009525,-3.9411340664162826,,,,,,,
curvature_cell,104,0.22468948364257812,0.22475481033325195,0.010961845517509226,0.012449331171585644,-3.958652432411874,-3.94075087083265,,,,,,,
curvature_cell,105,0.22475481033325195,0.22482013702392578,0.010703977253287754,0.01219118306576568,-3.958265430459458,-3.94036832984667,,,,,,,
curvature_cell,106,0.22482013702392578,0.2248854637145996,0.010446134001444935,0.011933060176080342,-3.957879090887633,-3.9399864431984315,,,,,,,
curvature_cell,107,0.2248854637145996,0.22495079040527344,0.010188315719063255,0.011674962459447132,-3.9574934134323834,-3.939605210628657,,,,,,,
curvature_cell,108,0.22495079040527344,0.22501611709594727,0.009930522363242945,0.011416889872801457,-3.957108397830324,-3.9392246318786817,,,,,,,
curvature_cell,109,0.22501611709594727,0.2250814437866211,0.009672753891100323,0.01115884237309535,-3.956724043818699,-3.9388447066904586,,,,,,,
curvature_cell,110,0.2250814437866211,0.22514677047729492,0.009415010259768567,0.010900819917297815,-3.956340351135386,-3.9384654348065546,,,,,,,
curvature_cell,111,0.22514677047729492,0.22521209716796875,0.009157291426398413,0.01064282246239501,-3.9559573195188853,-3.9380868159701605,,,,,,,
curvature_cell,112,0.22521209716796875,0.22527742385864258,0.008899597348156594,0.010384849965390507,-3.9555749487083323,-3.937708849925074,,,,,,,
curvature_cell,113,0.22527742385864258,0.2253427505493164,0.00864192798222761,0.010126902383304328,-3.955193238443476,-3.937331536415719,,,,,,,
curvature_cell,114,0.2253427505493164,0.22540807723999023,0.00838428328581113,0.00986897967317381,-3.9548121884647176,-3.9369548751871197,,,,,,,
curvature_cell,115,0.22540807723999023,0.22547340393066406,0.008126663216125372,0.009611081792052932,-3.954431798513054,-3.936578865984935,,,,,,,
curvature_cell,116,0.22547340393066406,0.2255387306213379,0.00786906773040384,0.009353208697012423,-3.9540520683301374,-3.936203508555417,,,,,,,
curvature_cell,117,0.2255387306213379,0.22560405731201172,0.007611496785897092,0.009095360345139915,-3.9536729976582197,-3.935828802645449,,,,,,,
curvature_cell,118,0.22560405731201172,0.22566938400268555,0.007353950339872627,0.008837536693540234,-3.9532945862401982,-3.9354547480025164,,,,,,,
curvature_cell,119,0.22566938400268555,0.22573471069335938,0.00709642834961345,0.008579737699334152,-3.9529168338195886,-3.9350813443747135,,,,,,,
curvature_cell,120,0.22573471069335938,0.2258000373840332,0.006838930772420092,0.008321963319660218,-3.9525397401405264,-3.934708591510764,,,,,,,
curvature_cell,121,0.2258000373840332,0.22586536407470703,0.006581457565609058,0.008064213511672082,-3.952163304947772,-3.934336489159992,,,,,,,
curvature_cell,122,0.22586536407470703,0.22593069076538086,0.006324008686513337,0.00780648823254139,-3.9517875279867156,-3.933965037072325,,,,,,,
curvature_cell,123,0.22593069076538086,0.2259960174560547,0.006066584092482049,0.007548787439456237,-3.951412409003368,-3.933594234998314,,,,,,,
curvature_cell,124,0.2259960174560547,0.22606134414672852,0.005809183740881226,0.007291111089620204,-3.951037947744353,-3.933224082689119,,,,,,,
curvature_cell,125,0.22606134414672852,0.22612667083740234,0.005551807589092488,0.007033459140254037,-3.950664143956925,-3.932854579896506,,,,,,,
curvature_cell,126,0.22612667083740234,0.22619199752807617,0.005294455594514274,0.006775831548595125,-3.9502909973889593,-3.9324857263728523,,,,,,,
curvature_cell,127,0.22619199752807617,0.22625732421875,0.0050371277145609536,0.006518228271896993,-3.949918507788952,-3.9321175218711404,,,,,,,
curvature_cell,128,0.22625732421875,0.22632265090942383,0.004779823906662649,0.006260649267429392,-3.949546674906017,-3.9317499661449653,,,,,,,
curvature_cell,129,0.22632265090942383,0.22638797760009766,0.004522544128266483,0.006003094492478892,-3.94917549848989,-3.9313830589485295,,,,,,,
curvature_cell,130,0.22638797760009766,0.22645330429077148,0.004265288336835204,0.005745563904347496,-3.9488049782909234,-3.9310168000366437,,,,,,,
curvature_cell,131,0.22645330429077148,0.2265186309814453,0.004008056489847172,0.00548805746035476,-3.948435114060095,-3.9306511891647156,,,,,,,
curvature_cell,132,0.2265186309814453,0.22658395767211914,0.0037508485447978047,0.005230575117835049,-3.948065905548994,-3.930286226088777,,,,,,,
curvature_cell,133,0.22658395767211914,0.22664928436279297,0.003493664459197451,0.004973116834139466,-3.9476973525098287,-3.9299219105654584,,,,,,,
curvature_cell,134,0.22664928436279297,0.2267146110534668,0.003236504190572975,0.004715682566635488,-3.947329454695432,-3.9295582423519875,,,,,,,
curvature_cell,135,0.2267146110534668,0.22677993774414062,0.002979367696466589,0.00445827227270651,-3.946962211859242,-3.9291952212062067,,,,,,,
curvature_cell,136,0.22677993774414062,0.22684526443481445,0.0027222549344372844,0.004200885909752054,-3.9465956237553246,-3.9288328468865594,,,,,,,
curvature_cell,137,0.22684526443481445,0.22691059112548828,0.0024651658620590123,0.0039435234351869195,-3.946229690138356,-3.928471119152101,,,,,,,
curvature_cell,138,0.22691059112548828,0.2269759178161621,0.0022081004369214337,0.0036861848064431856,-3.9458644107636354,-3.928110037762473,,,,,,,
curvature_cell,139,0.2269759178161621,0.22704124450683594,0.0019510586166308767,0.003428869980967198,-3.945499785387058,-3.927749602477945,,,,,,,
curvature_cell,140,0.22704124450683594,0.22710657119750977,0.0016940403588081158,0.0031715789162233975,-3.9451358137651593,-3.927389813059363,,,,,,,
curvature_cell,141,0.22710657119750977,0.2271718978881836,0.001437045621090621,0.0029143115696895487,-3.944772495655073,-3.927030669268196,,,,,,,
curvature_cell,142,0.2271718978881836,0.22723722457885742,0.0011800743611311835,0.0026570678988609574,-3.944409830814543,-3.9266721708665133,,,,,,,
curvature_cell,143,0.22723722457885742,0.22730255126953125,0.0009231265365975265,0.002399847861248056,-3.944047819001947,-3.926314317616971,,,,,,,
curvature_cell,144,0.22730255126953125,0.22736787796020508,0.0006662021051733329,0.0021426514143776947,-3.9436864599762607,-3.925957109282833,,,,,,,
curvature_cell,145,0.22736787796020508,0.2274332046508789,0.000409301024558481,0.001885478515791267,-3.9433257534970685,-3.9256005456279746,,,,,,,
curvature_cell,146,0.2274332046508789,0.22749853134155273,0.0001524232524669766,0.0016283291230461963,-3.942965699324573,-3.9252446264168666,,,,,,,
curvature_cell,147,0.22749853134155273,0.22756385803222656,-0.00010443125337078475,0.001371203193716239,-3.9426062972195948,-3.924889351414565,,,,,,,
curvature_cell,148,0.22756385803222656,0.2276291847229004,-0.0003612625352091004,0.0011141006853896548,-3.9422475469435514,-3.92453472038675,,,,,,,
curvature_cell,149,0.2276291847229004,0.22769451141357422,-0.0006180706352877792,0.0008570215556713835,-3.941889448258487,-3.9241807330996776,,,,,,,
curvature_cell,150,0.22769451141357422,0.22775983810424805,-0.0008748555958303512,0.0005999657621805627,-3.9415320009270416,-3.923827389320216,,,,,,,
curvature_cell,151,0.22775983810424805,0.22782516479492188,-0.0011316174590457614,0.0003429332625531912,-3.9411752047124753,-3.923474688815827,,,,,,,
curvature_cell,152,0.22782516479492188,0.2278904914855957,-0.0013883562671273,8.592401443888177e-05,-3.9408190593786543,-3.9231226313545724,,,,,,,
curvature_cell,153,0.2278904914855957,0.22795581817626953,-0.0016450720622531586,-0.00017106202449547467,-3.9404635646900457,-3.9227712167051143,,,,,,,
curvature_cell,154,0.22795581817626953,0.22802114486694336,-0.0019017648865864714,-0.0004280248965690541,-3.94010872041174,-3.9224204446366993,,,,,,,
curvature_cell,155,0.22802114486694336,0.2280864715576172,-0.002158434782275565,-0.0006849646440852812,-3.9397545263094265,-3.922070314919185,,,,,,,
curvature_cell,156,0.2280864715576172,0.22815179824829102,-0.0024150817914535137,-0.0009418813093316907,-3.9394009821494067,-3.9217208273230164,,,,,,,
curvature_cell,157,0.22815179824829102,0.22821712493896484,-0.0026717059562380023,-0.0011987749345819668,-3.93904808769858,-3.921371981619236,,,,,,,
curvature_cell,158,0.22821712493896484,0.22828245162963867,-0.002928307318732504,-0.0014556455620933215,-3.938695842724466,-3.9210237775794803,,,,,,,
curvature_cell,159,0.22828245162963867,0.2283477783203125,-0.003184885921024464,-0.001712493234108589,-3.938344246995181,-3.9206762149759857,,,,,,,
curvature_cell,160,0.2283477783203125,0.22841310501098633,-0.003441441805187504,-0.0019693179928552125,-3.937993300279451,-3.920329293581578,,,,,,,
curvature_cell,161,0.22841310501098633,0.22847843170166016,-0.0036979750132801336,-0.0022261198805459954,-3.9376430023466074,-3.919983013169676,,,,,,,
curvature_cell,162,0.22847843170166016,0.22854375839233398,-0.003954485587345361,-0.002482898939377975,-3.937293352966583,-3.919637373514296,,,,,,,
curvature_cell,163,0.22854375839233398,0.2286090850830078,-0.004210973569412289,-0.0027396552115338947,-3.9369443519099208,-3.9192923743900434,,,,,,,
curvature_cell,164,0.2286090850830078,0.22867441177368164,-0.0044674390014946145,-0.0029963887391813017,-3.936595998947765,-3.918948015572126,,,,,,,
curvature_cell,165,0.22867441177368164,0.22873973846435547,-0.00472388192559195,-0.0032530995644729633,-3.9362482938518646,-3.918604296836328,,,,,,,
curvature_cell,166,0.22873973846435547,0.2288050651550293,-0.004980302383688643,-0.003509787729546673,-3.9359012363945696,-3.9182612179590417,,,,,,,
curvature_cell,167,0.2288050651550293,0.22887039184570312,-0.005236700417754842,-0.0037664532765253745,-3.9355548263488367,-3.9179187787172345,,,,,,,
curvature_cell,168,0.22887039184570312,0.22893571853637695,-0.005493076069745918,-0.0040230962475171625,-3.9352090634882244,-3.917576978888476,,,,,,,
curvature_cell,169,0.22893571853637695,0.22900104522705078,-0.005749429381602612,-0.004279716684615852,-3.9348639475868867,-3.9172358182509295,,,,,,,
curvature_cell,170,0.22900104522705078,0.2290663719177246,-0.006005760395251789,-0.004536314629900103,-3.9345194784195905,-3.916895296583336,,,,,,,
curvature_cell,171,0.2290663719177246,0.22913169860839844,-0.006262069152604633,-0.004792890125433837,-3.934175655761695,-3.916555413665035,,,,,,,
curvature_cell,172,0.22913169860839844,0.22919702529907227,-0.0065183556955589065,-0.005049443213266862,-3.9338324793891655,-3.916216169275955,,,,,,,
curvature_cell,173,0.22919702529907227,0.2292623519897461,-0.00677462006599762,-0.005305973935434068,-3.933489949078563,-3.9158775631966143,,,,,,,
curvature_cell,174,0.2292623519897461,0.22932767868041992,-0.007030862305789643,-0.005562482333955939,-3.933148064607059,-3.915539595208112,,,,,,,
curvature_cell,175,0.22932767868041992,0.22939300537109375,-0.007287082456789094,-0.005818968450838068,-3.9328068257524094,-3.9152022650921445,,,,,,,
curvature_cell,176,0.22939300537109375,0.22945833206176758,-0.007543280560836586,-0.006075432328072074,-3.9324662322929784,-3.9148655726309918,,,,,,,
curvature_cell,177,0.22945833206176758,0.2295236587524414,-0.007799456659757357,-0.006331874007634879,-3.9321262840077296,-3.9145295176075208,,,,,,,
curvature_cell,178,0.2295236587524414,0.22958898544311523,-0.008055610795363379,-0.006588293531489291,-3.9317869806762205,-3.9141940998051896,,,,,,,
curvature_cell,179,0.22958898544311523,0.22965431213378906,-0.008311743009452423,-0.006844690941583464,-3.931448322078614,-3.9138593190080386,,,,,,,
curvature_cell,180,0.22965431213378906,0.2297196388244629,-0.008567853343807512,-0.007101066279851297,-3.9311103079956617,-3.913525175000696,,,,,,,
curvature_cell,181,0.2297196388244629,0.22978496551513672,-0.00882394184019804,-0.007357419588212662,-3.9307729382087175,-3.9131916675683756,,,,,,,
curvature_cell,182,0.22978496551513672,0.22985029220581055,-0.00908000854037934,-0.007613750908572746,-3.930436212499733,-3.9128587964968777,,,,,,,
curvature_cell,183,0.22985029220581055,0.22991561889648438,-0.009336053486092928,-0.007870060282823053,-3.930100130651253,-3.912526561572586,,,,,,,
curvature_cell,184,0.22991561889648438,0.2299809455871582,-0.00959207671906537,-0.008126347752840738,-3.9297646924464193,-3.9121949625824723,,,,,,,
curvature_cell,185,0.2299809455871582,0.23004627227783203,-0.009848078281010782,-0.008382613360488648,-3.9294298976689706,-3.9118639993140882,,,,,,,
curvature_cell,186,0.23004627227783203,0.23011159896850586,-0.010104058213628421,-0.008638857147615626,-3.929095746103241,-3.9115336715555693,,,,,,,
curvature_cell,187,0.23011159896850586,0.2301769256591797,-0.010360016558603637,-0.008895079156056722,-3.928762237534157,-3.911203979095639,,,,,,,
curvature_cell,188,0.2301769256591797,0.23024225234985352,-0.010615953357608525,-0.009151279427632912,-3.928429371747242,-3.9108749217236047,,,,,,,
curvature_cell,189,0.23024225234985352,0.23030757904052734,-0.010871868652301152,-0.009407458004150672,-3.9280971485286154,-3.910546499229344,,,,,,,
curvature_cell,190,0.23030757904052734,0.23037290573120117,-0.011127762484325442,-0.009663614927403903,-3.927765567664983,-3.9102187114033367,,,,,,,
curvature_cell,191,0.23037290573120117,0.230438232421875,-0.011383634895312454,-0.009919750239170686,-3.9274346289436495,-3.9098915580366307,,,,,,,
curvature_cell,192,0.230438232421875,0.23050355911254883,-0.011639485926878844,-0.01017586398121696,-3.9271043321525156,-3.909565038920858,,,,,,,
curvature_cell,193,0.23050355911254883,0.23056888580322266,-0.01189531562062793,-0.010431956195294008,-3.926774677080062,-3.9092391538482367,,,,,,,
curvature_cell,194,0.23056888580322266,0.23063421249389648,-0.012151124018149788,-0.010688026923139386,-3.926445663515382,-3.908913902611553,,,,,,,
curvature_cell,195,0.23063421249389648,0.2306995391845703,-0.012406911161019997,-0.010944076206477317,-3.9261172912481377,-3.908589285004195,,,,,,,
curvature_cell,196,0.2306995391845703,0.23076486587524414,-0.01266267709080156,-0.011200104087017852,-3.925789560068601,-3.9082653008201116,,,,,,,
curvature_cell,197,0.23076486587524414,0.23083019256591797,-0.012918421849043725,-0.011456110606457874,-3.925462469767623,-3.907941949853839,,,,,,,
curvature_cell,198,0.23083019256591797,0.2308955192565918,-0.013174145477282394,-0.01171209580648004,-3.925136020136653,-3.9076192319004925,,,,,,,
curvature_cell,199,0.2308955192565918,0.23096084594726562,-0.01342984801703931,-0.011968059728754544,-3.9248102109677214,-3.907297146755775,,,,,,,
curvature_cell,200,0.23096084594726562,0.23102617263793945,-0.013685529509824117,-0.012224002414936262,-3.924485042053461,-3.9069756942159484,,,,,,,
curvature_cell,201,0.23102617263793945,0.23109149932861328,-0.013941189997132274,-0.012479923906668492,-3.9241605131870854,-3.9066548740778697,,,,,,,
curvature_cell,202,0.23109149932861328,0.2311568260192871,-0.014196829520446515,-0.012735824245579367,-3.9238366241624028,-3.906334686138965,,,,,,,
curvature_cell,203,0.2311568260192871,0.23122215270996094,-0.014452448121235447,-0.012991703473285,-3.923513374773799,-3.906015130197247,,,,,,,
curvature_cell,204,0.23122215270996094,0.23128747940063477,-0.014708045840955407,-0.01324756163138739,-3.923190764816263,-3.905696206051298,,,,,,,
curvature_cell,205,0.23128747940063477,0.2313528060913086,-0.014963622721049107,-0.013503398761475242,-3.922868794085359,-3.905377913500278,,,,,,,
curvature_cell,206,0.2313528060913086,0.23141813278198242,-0.01521917880294642,-0.01375921490512391,-3.922547462377255,-3.9050602523439237,,,,,,,
curvature_cell,207,0.23141813278198242,0.23148345947265625,-0.015474714128063729,-0.014015010103895718,-3.92222676948869,-3.904743222382549,,,,,,,
curvature_cell,208,0.23148345947265625,0.23154878616333008,-0.0157302287378045,-0.014270784399340026,-3.9219067152169926,-3.904426823417047,,,,,,,
curvature_cell,209,0.23154878616333008,0.2316141128540039,-0.015985722673559345,-0.014526537832992013,-3.9215872993600827,-3.904111055248886,,,,,,,
curvature_cell,210,0.2316141128540039,0.23167943954467773,-0.016241195976706067,-0.014782270446374464,-3.921268521716472,-3.903795917680099,,,,,,,
curvature_cell,211,0.23167943954467773,0.23174476623535156,-0.016496648688608787,-0.015037982280997049,-3.920950382085248,-3.903481410513302,,,,,,,
curvature_cell,212,0.23174476623535156,0.2318100929260254,-0.016752080850619706,-0.015293673378356033,-3.920632880266083,-3.903167533551691,,,,,,,
curvature_cell,213,0.2318100929260254,0.23187541961669922,-0.01700749250407724,-0.015549343779935177,-3.9203160160592403,-3.902854286599028,,,,,,,
curvature_cell,214,0.23187541961669922,0.23194074630737305,-0.017262883690307585,-0.015804993527204266,-3.9199997892655705,-3.9025416694596458,,,,,,,
curvature_cell,215,0.23194074630737305,0.23200607299804688,-0.01751825445062433,-0.016060622661621043,-3.919684199686501,-3.902229681938459,,,,,,,
curvature_cell,216,0.23200607299804688,0.2320713996887207,-0.017773604826327383,-0.01631623122463002,-3.919369247124043,-3.9019183238409507,,,,,,,
curvature_cell,217,0.2320713996887207,0.23213672637939453,-0.018028934858704455,-0.016571819257662792,-3.9190549313807983,-3.9016075949731834,,,,,,,
curvature_cell,218,0.23213672637939453,0.23220205307006836,-0.01828424458903136,-0.016827386802137894,-3.9187412522599527,-3.901297495141775,,,,,,,
curvature_cell,219,0.23220205307006836,0.2322673797607422,-0.01853953405856994,-0.017082933899461483,-3.918428209565267,-3.900988024153937,,,,,,,
curvature_cell,220,0.2322673797607422,0.23233270645141602,-0.01879480330857042,-0.01733846059102657,-3.9181158031010894,-3.9006791818174347,,,,,,,
curvature_cell,221,0.23233270645141602,0.23239803314208984,-0.019050052380269595,-0.0175939669182137,-3.917804032672348,-3.9003709679406193,,,,,,,
curvature_cell,222,0.23239803314208984,0.23246335983276367,-0.01930528131489258,-0.017849452922390634,-3.917492898084556,-3.900063382332402,,,,,,,
curvature_cell,223,0.23246335983276367,0.2325286865234375,-0.01956049015365151,-0.018104918644912035,-3.9171823991438077,-3.89975642480227,,,,,,,
curvature_cell,224,0.2325286865234375,0.23259401321411133,-0.019815678937746693,-0.01836036412712051,-3.9168725356567813,-3.899450095160275,,,,,,,
curvature_cell,225,0.23259401321411133,0.23265933990478516,-0.020070847708365053,-0.018615789410346053,-3.9165633074307267,-3.8991443932170475,,,,,,,
curvature_cell,226,0.23265933990478516,0.23272466659545898,-0.02032599650668142,-0.018871194535906115,-3.9162547142734825,-3.8988393187837893,,,,,,,
curvature_cell,227,0.23272466659545898,0.2327899932861328,-0.020581125373859217,-0.0191265795451051,-3.9159467559934655,-3.8985348716722537,,,,,,,
curvature_cell,228,0.2327899932861328,0.23285531997680664,-0.020836234351048175,-0.01938194447923552,-3.9156394323996757,-3.8982310516947845,,,,,,,
curvature_cell,229,0.23285531997680664,0.23292064666748047,-0.021091323479386876,-0.019637289379576966,-3.915332743301683,-3.8979278586642816,,,,,,,
curvature_cell,230,0.23292064666748047,0.2329859733581543,-0.02134639280000099,-0.019892614287397064,-3.91502668850965,-3.8976252923942165,,,,,,,
curvature_cell,231,0.2329859733581543,0.23305130004882812,-0.021601442354004925,-0.020147919243950912,-3.9147212678343073,-3.8973233526986255,,,,,,,
curvature_cell,232,0.23305130004882812,0.23311662673950195,-0.021856472182498993,-0.020403204290481352,-3.9144164810869717,-3.897022039392119,,,,,,,
curvature_cell,233,0.23311662673950195,0.23318195343017578,-0.0221114823265738,-0.020658469468218695,-3.9141123280795305,-3.896721352289873,,,,,,,
curvature_cell,234,0.23318195343017578,0.2332472801208496,-0.022366472827306003,-0.020913714818381317,-3.9138088086244562,-3.8964212912076266,,,,,,,
curvature_cell,235,0.2332472801208496,0.23331260681152344,-0.022621443725761126,-0.021168940382175563,-3.9135059225347875,-3.8961218559616975,,,,,,,
curvature_cell,236,0.23331260681152344,0.23337793350219727,-0.022876395062993108,-0.02142414620079452,-3.913203669624164,-3.895823046368942,,,,,,,
curvature_cell,237,0.23337793350219727,0.2334432601928711,-0.023131326880042925,-0.02167933231542046,-3.9129020497067772,-3.8955248622468166,,,,,,,
curvature_cell,238,0.2334432601928711,0.23350858688354492,-0.023386239217939923,-0.021934498767222903,-3.912601062597406,-3.895227303413324,,,,,,,
curvature_cell,239,0.23350858688354492,0.23357391357421875,-0.02364113211770164,-0.022189645597359083,-3.9123007081114074,-3.8949303696870365,,,,,,,
curvature_cell,240,0.23357391357421875,0.23363924026489258,-0.023896005620333897,-0.022444772846975197,-3.9120009860647094,-3.8946340608870913,,,,,,,
curvature_cell,241,0.23363924026489258,0.2337045669555664,-0.024150859766830585,-0.02269988055720416,-3.9117018962738164,-3.8943383768331934,,,,,,,
curvature_cell,242,0.2337045669555664,0.23376989364624023,-0.024405694598174075,-0.02295496876916794,-3.911403438555818,-3.8940433173456035,,,,,,,
curvature_cell,243,0.23376989364624023,0.23383522033691406,-0.02466051015533458,-0.023210037523975668,-3.9111056127283645,-3.8937488822451587,,,,,,,
curvature_cell,244,0.23383522033691406,0.2339005470275879,-0.024915306479270583,-0.023465086862726272,-3.9108084186096845,-3.8934550713532556,,,,,,,
curvature_cell,245,0.2339005470275879,0.23396587371826172,-0.02517008361092925,-0.023720116826504444,-3.9105118560185885,-3.893161884491849,,,,,,,
curvature_cell,246,0.23396587371826172,0.23403120040893555,-0.02542484159124617,-0.023975127456385092,-3.910215924774459,-3.8928693214834604,,,,,,,
curvature_cell,247,0.23403120040893555,0.23409652709960938,-0.02567958046114505,-0.02423011879343045,-3.909920624697245,-3.892577382151177,,,,,,,
curvature_cell,248,0.23409652709960938,0.2341618537902832,-0.02593430026153783,-0.024485090878690965,-3.909625955607473,-3.89228606631865,,,,,,,
curvature_cell,249,0.2341618537902832,0.23422718048095703,-0.0261890010333256,-0.024740043753206053,-3.9093319173262455,-3.8919953738100874,,,,,,,
curvature_cell,250,0.23422718048095703,0.23429250717163086,-0.026443682817397358,-0.024994977458002773,-3.9090385096752347,-3.8917053044502596,,,,,,,
curvature_cell,251,0.23429250717163086,0.2343578338623047,-0.026698345654631295,-0.02524989203409655,-3.9087457324766923,-3.891415858064503,,,,,,,
curvature_cell,252,0.2343578338623047,0.23442316055297852,-0.026952989585893084,-0.02550478752249209,-3.9084535855534264,-3.891127034478711,,,,,,,
curvature_cell,253,0.23442316055297852,0.23448848724365234,-0.027207614652038446,-0.025759663964181955,-3.908162068728831,-3.8908388335193487,,,,,,,
curvature_cell,254,0.23448848724365234,0.23455381393432617,-0.027462220893910583,-0.026014521400147105,-3.9078711818268697,-3.890551255013428,,,,,,,
curvature_cell,255,0.23455381393432617,0.234619140625,-0.027716808352342293,-0.026269359871356823,-3.9075809246720774,-3.890264298788524,,,,,,,
unique_root_certificate,,0.2276921883225489,0.22769218832267057,,,,,1.2168044349891716e-13,0.46327828319191316,0.4632782831922923,0.4632782831921028,0.03881422991489784,-0.027120573501547406,-3.890264298788524
