uses,survival_probability,coherence_factor,fraction_of_ideal_threshold,time_per_use,product_erasure_lower,ghz_lower,best_feasible_lower,adaptive_hybrid_upper,certificate_gap
1,0.7,0.7,0.25,0.17990925350134732,0.18751488185889398,0.18751488185889398,0.18751488185889398,0.18751488185889398,0.0
1,0.7,0.7,0.5,0.35981850700269463,0.3464823227814082,0.3464823227814082,0.3464823227814082,0.3464823227814082,0.0
1,0.7,0.7,0.75,0.5397277605040419,0.4527009709305304,0.45270097093053047,0.45270097093053047,0.45270097093053047,0.0
1,0.7,0.7,1.0,0.7196370140053893,0.48999999999999994,0.48999999999999994,0.48999999999999994,0.48999999999999994,0.0
1,0.7,0.9,0.25,0.17990925350134732,0.24109056239000656,0.24109056239000656,0.24109056239000656,0.24109056239000656,0.0
1,0.7,0.9,0.5,0.35981850700269463,0.44547727214752486,0.4454772721475249,0.4454772721475249,0.4454772721475249,0.0
1,0.7,0.9,0.75,0.5397277605040419,0.5820441054821106,0.5820441054821106,0.5820441054821106,0.5820441054821106,0.0
1,0.7,0.9,1.0,0.7196370140053893,0.63,0.63,0.63,0.63,0.0
1,0.7,1.0,0.25,0.17990925350134732,0.26787840265556284,0.26787840265556284,0.26787840265556284,0.26787840265556284,0.0
1,0.7,1.0,0.5,0.35981850700269463,0.4949747468305832,0.4949747468305832,0.4949747468305832,0.4949747468305832,0.0
1,0.7,1.0,0.75,0.5397277605040419,0.6467156727579007,0.6467156727579007,0.6467156727579007,0.6467156727579007,0.0
1,0.7,1.0,1.0,0.7196370140053893,0.7,0.7,0.7,0.7,0.0
1,0.85,0.7,0.25,0.17990925350134732,0.2276966422572284,0.2276966422572284,0.2276966422572284,0.2276966422572284,0.0
1,0.85,0.7,0.5,0.35981850700269463,0.4207285348059957,0.4207285348059957,0.4207285348059957,0.4207285348059957,0.0
1,0.85,0.7,0.75,0.5397277605040419,0.5497083218442156,0.5497083218442156,0.5497083218442156,0.5497083218442156,0.0
1,0.85,0.7,1.0,0.7196370140053893,0.595,0.595,0.595,0.595,0.0
1,0.85,0.9,0.25,0.17990925350134732,0.2927528257592937,0.2927528257592937,0.2927528257592937,0.2927528257592937,0.0
1,0.85,0.9,0.5,0.35981850700269463,0.5409366876077089,0.5409366876077089,0.5409366876077089,0.5409366876077089,0.0
1,0.85,0.9,0.75,0.5397277605040419,0.7067678423711343,0.7067678423711343,0.7067678423711343,0.7067678423711343,0.0
1,0.85,0.9,1.0,0.7196370140053893,0.765,0.765,0.765,0.765,0.0
1,0.85,1.0,0.25,0.17990925350134732,0.3252809175103263,0.3252809175103263,0.3252809175103263,0.3252809175103263,0.0
1,0.85,1.0,0.5,0.35981850700269463,0.6010407640085653,0.6010407640085653,0.6010407640085653,0.6010407640085653,0.0
1,0.85,1.0,0.75,0.5397277605040419,0.7852976026345937,0.7852976026345937,0.7852976026345937,0.7852976026345937,0.0
1,0.85,1.0,1.0,0.7196370140053893,0.85,0.85,0.85,0.85,0.0
1,0.95,0.7,0.25,0.17990925350134732,0.25448448252278466,0.25448448252278466,0.25448448252278466,0.25448448252278466,0.0
1,0.95,0.7,0.5,0.35981850700269463,0.470226009489054,0.470226009489054,0.470226009489054,0.470226009489054,0.0
1,0.95,0.7,0.75,0.5397277605040419,0.6143798891200056,0.6143798891200056,0.6143798891200056,0.6143798891200056,0.0
1,0.95,0.7,1.0,0.7196370140053893,0.6649999999999999,0.6649999999999999,0.6649999999999999,0.6649999999999999,0.0
1,0.95,0.9,0.25,0.17990925350134732,0.32719433467215175,0.32719433467215175,0.32719433467215175,0.32719433467215175,0.0
1,0.95,0.9,0.5,0.35981850700269463,0.6045762979144981,0.6045762979144981,0.6045762979144981,0.6045762979144981,0.0
1,0.95,0.9,0.75,0.5397277605040419,0.7899170002971501,0.7899170002971502,0.7899170002971502,0.7899170002971502,0.0
1,0.95,0.9,1.0,0.7196370140053893,0.855,0.855,0.855,0.855,0.0
1,0.95,1.0,0.25,0.17990925350134732,0.3635492607468353,0.3635492607468353,0.3635492607468353,0.3635492607468353,0.0
1,0.95,1.0,0.5,0.35981850700269463,0.67175144212722,0.67175144212722,0.67175144212722,0.67175144212722,0.0
1,0.95,1.0,0.75,0.5397277605040419,0.8776855558857224,0.8776855558857224,0.8776855558857224,0.8776855558857224,0.0
1,0.95,1.0,1.0,0.7196370140053893,0.95,0.95,0.95,0.95,0.0
1,1.0,0.7,0.25,0.17990925350134732,0.26787840265556284,0.26787840265556284,0.26787840265556284,0.26787840265556284,0.0
1,1.0,0.7,0.5,0.35981850700269463,0.4949747468305832,0.4949747468305832,0.4949747468305832,0.4949747468305832,0.0
1,1.0,0.7,0.75,0.5397277605040419,0.6467156727579007,0.6467156727579007,0.6467156727579007,0.6467156727579007,0.0
1,1.0,0.7,1.0,0.7196370140053893,0.7,0.7,0.7,0.7,0.0
1,1.0,0.9,0.25,0.17990925350134732,0.3444150891285808,0.3444150891285808,0.3444150891285808,0.3444150891285808,0.0
1,1.0,0.9,0.5,0.35981850700269463,0.6363961030678927,0.6363961030678927,0.6363961030678927,0.6363961030678927,0.0
1,1.0,0.9,0.75,0.5397277605040419,0.831491579260158,0.831491579260158,0.831491579260158,0.831491579260158,0.0
1,1.0,0.9,1.0,0.7196370140053893,0.9,0.9,0.9,0.9,0.0
1,1.0,1.0,0.25,0.17990925350134732,0.3826834323650898,0.3826834323650898,0.3826834323650898,0.3826834323650898,0.0
1,1.0,1.0,0.5,0.35981850700269463,0.7071067811865475,0.7071067811865475,0.7071067811865475,0.7071067811865475,0.0
1,1.0,1.0,0.75,0.5397277605040419,0.9238795325112867,0.9238795325112867,0.9238795325112867,0.9238795325112867,0.0
1,1.0,1.0,1.0,0.7196370140053893,1.0,1.0,1.0,1.0,0.0
2,0.7,0.7,0.25,0.08995462675067366,0.13852512827531324,0.09188229211085802,0.13852512827531324,0.19118851557580566,0.052663387300492415
2,0.7,0.7,0.5,0.17990925350134732,0.2688268692248834,0.16977633816289,0.2688268692248834,0.37502976371778796,0.10620289449290454
2,0.7,0.7,0.75,0.26986388025202096,0.38382518110757585,0.22182347575595987,0.38382518110757585,0.5444588283592101,0.16063364725163426
2,0.7,0.7,1.0,0.35981850700269463,0.4785118289915654,0.24009999999999992,0.4785118289915654,0.6929646455628165,0.21445281657125104
2,0.7,0.9,0.25,0.08995462675067366,0.18850219867345913,0.15188705430570412,0.18850219867345913,0.2458138057403216,0.057311607066862474
2,0.7,0.9,0.5,0.17990925350134732,0.364136191567847,0.28065068145294064,0.364136191567847,0.4821811247800131,0.11804493321216614
2,0.7,0.9,0.75,0.26986388025202096,0.5160172388363324,0.3666877864537297,0.5160172388363324,0.7000184936046987,0.18400125476836626
2,0.7,0.9,1.0,0.35981850700269463,0.6369117175325116,0.3969,0.6369117175325116,0.8909545442950498,0.2540428267625382
2,0.7,1.0,0.25,0.08995462675067366,0.21583610495666486,0.18751488185889398,0.21583610495666486,0.2731264508225795,0.057290345865914666
2,0.7,1.0,0.5,0.17990925350134732,0.41601967940053136,0.3464823227814082,0.41601967940053136,0.5357568053111257,0.11973712591059432
2,0.7,1.0,0.75,0.26986388025202096,0.5873781909724363,0.45270097093053047,0.5873781909724363,0.777798326227443,0.19042013525500678
2,0.7,1.0,1.0,0.35981850700269463,0.7213372959527249,0.48999999999999994,0.7213372959527249,0.9899494936611664,0.26861219770844147
2,0.85,0.7,0.25,0.08995462675067366,0.15450585600611955,0.13547950214305088,0.15450585600611955,0.2321574831991926,0.07765162719307306
2,0.85,0.7,0.5,0.17990925350134732,0.2987982002876741,0.2503334782095674,0.2987982002876741,0.4553932845144568,0.1565950842267827
2,0.85,0.7,0.75,0.26986388025202096,0.42427590353964134,0.32707645149730824,0.42427590353964134,0.6611285772933265,0.23685267375368518
2,0.85,0.7,1.0,0.35981850700269463,0.5252485798717283,0.3540249999999999,0.5252485798717283,0.8414570696119914,0.31620848974026305
2,0.85,0.9,0.25,0.08995462675067366,0.21398281287690454,0.22395591170585966,0.22395591170585966,0.29848819268467625,0.07453228097881659
2,0.85,0.9,0.5,0.17990925350134732,0.4114496020373832,0.41381656601989725,0.41381656601989725,0.5855056515185874,0.1716890854986901
2,0.85,0.9,0.75,0.26986388025202096,0.5787144839278593,0.5406773994139178,0.5787144839278593,0.8500224565199913,0.271307972592132
2,0.85,0.9,1.0,0.35981850700269463,0.7072898194277975,0.585225,0.7072898194277975,1.0,0.29271018057220255
2,0.85,1.0,0.25,0.08995462675067366,0.24717951704349278,0.27648877988377735,0.27648877988377735,0.33165354742741804,0.05516476754364069
2,0.85,1.0,0.5,0.17990925350134732,0.47401066467288844,0.5108846494072805,0.5108846494072805,0.6505618350206526,0.13967718561337206
2,0.85,1.0,0.75,0.26986388025202096,0.6636968497624207,0.6675029622394046,0.6675029622394046,0.9444693961333237,0.27696643389391906
2,0.85,1.0,1.0,0.35981850700269463,0.8060155834368266,0.7224999999999999,0.8060155834368266,1.0,0.19398441656317345
2,0.95,0.7,0.25,0.08995462675067366,0.16247276697799257,0.1692321808776518,0.1692321808776518,0.25947012828145055,0.09023794740379876
2,0.95,0.7,0.5,0.17990925350134732,0.3133605726377197,0.3127002963102209,0.3133605726377197,0.5089689650455693,0.1956083924078496
2,0.95,0.7,0.75,0.26986388025202096,0.4430474575801527,0.4085626262648037,0.4430474575801527,0.7389084099160708,0.2958609523359181
2,0.95,0.7,1.0,0.35981850700269463,0.54546494355861,0.4422249999999999,0.54546494355861,0.940452018978108,0.39498707541949807
2,0.95,0.9,0.25,0.08995462675067366,0.2280458274274908,0.27975115614468976,0.27975115614468976,0.3336044506475793,0.05385329450288956
2,0.95,0.9,0.5,0.17990925350134732,0.4369691750096506,0.5169127347168959,0.5169127347168959,0.6543886693443035,0.1374759346274076
2,0.95,0.9,0.75,0.26986388025202096,0.6111248282013756,0.6753790352540634,0.6753790352540634,0.9500250984635197,0.2746460632094563
2,0.95,0.9,1.0,0.35981850700269463,0.7412471853122804,0.731025,0.7412471853122804,1.0,0.2587528146877196
2,0.95,1.0,0.25,0.08995462675067366,0.2651521482714845,0.3453717977094935,0.3453717977094935,0.3706716118306437,0.025299814121150177
2,0.95,1.0,0.5,0.17990925350134732,0.5065622844848718,0.6381638700208591,0.6381638700208591,0.7270985214936706,0.08893465147281154
2,0.95,1.0,0.75,0.26986388025202096,0.7048606425991959,0.8338012780914362,0.8338012780914362,1.0,0.16619872190856377
2,0.95,1.0,1.0,0.35981850700269463,0.848763071128178,0.9025,0.9025,1.0,0.09750000000000003
2,1.0,0.7,0.25,0.08995462675067366,0.16565015020932966,0.18751488185889398,0.18751488185889398,0.2731264508225795,0.08561156896368555
2,1.0,0.7,0.5,0.17990925350134732,0.31901620430519806,0.3464823227814082,0.3464823227814082,0.5357568053111257,0.18927448252971746
2,1.0,0.7,0.75,0.26986388025202096,0.44997455632614863,0.45270097093053047,0.45270097093053047,0.777798326227443,0.3250973552969126
2,1.0,0.7,1.0,0.35981850700269463,0.5522906843320826,0.48999999999999994,0.5522906843320826,0.9899494936611664,0.43765880932908374
2,1.0,0.9,0.25,0.08995462675067366,0.23420011622727074,0.30997358021572274,0.30997358021572274,0.35116257962903086,0.041188999413308114
2,1.0,0.9,0.5,0.17990925350134732,0.4479221512935572,0.5727564927611035,0.5727564927611035,0.6888301782571616,0.11607368549605812
2,1.0,0.9,0.75,0.26986388025202096,0.6245136546018832,0.7483424213341423,0.7483424213341423,1.0,0.2516575786658577
2,1.0,0.9,1.0,0.35981850700269463,0.7543374576408095,0.81,0.81,1.0,0.18999999999999995
2,1.0,1.0,0.25,0.08995462675067366,0.27326157083651226,0.3826834323650898,0.3826834323650898,0.3901806440322565,0.007497211667166714
2,1.0,1.0,0.5,0.17990925350134732,0.521005383279987,0.7071067811865475,0.7071067811865475,0.7653668647301796,0.0582600835436321
2,1.0,1.0,0.75,0.26986388025202096,0.722527945110619,0.9238795325112867,0.9238795325112867,1.0,0.07612046748871326
2,1.0,1.0,1.0,0.35981850700269463,0.8660254037844387,1.0,1.0,1.0,0.0
3,0.7,0.7,0.25,0.059969751167115774,0.11533167549513773,0.045022323134320426,0.11533167549513773,0.1918735025634758,0.07654182706833806
3,0.7,0.7,0.5,0.11993950233423155,0.22674912388583202,0.08319040569981609,0.22674912388583202,0.3804639963007054,0.15371487241487336
3,0.7,0.7,0.75,0.17990925350134732,0.3307196326006068,0.10869350312042032,0.3307196326006068,0.5625446455766819,0.2318250129760751
3,0.7,0.7,1.0,0.2398790046684631,0.42441573104586017,0.11764899999999995,0.42441573104586017,0.7349999999999999,0.3105842689541397
3,0.7,0.9,0.25,0.059969751167115774,0.15827479742618297,0.09568884421259359,0.15827479742618297,0.24669450329589748,0.08841970586971451
3,0.7,0.9,0.5,0.11993950233423155,0.3096074023600299,0.1768099293153526,0.3096074023600299,0.4891679952437642,0.17956059288373427
3,0.7,0.9,0.75,0.17990925350134732,0.4478489112822458,0.2310133054658497,0.4478489112822458,0.7232716871700197,0.27542277588777386
3,0.7,0.9,1.0,0.2398790046684631,0.5683232387473475,0.25004699999999996,0.5683232387473475,0.9449999999999998,0.37667676125265237
3,0.7,1.0,0.25,0.059969751167115774,0.18261214589157038,0.13126041730122576,0.18261214589157038,0.27410500366210827,0.0914928577705379
3,0.7,1.0,0.5,0.11993950233423155,0.35625011681832786,0.24253762594698572,0.35625011681832786,0.5435199947152936,0.1872698778969657
3,0.7,1.0,0.75,0.17990925350134732,0.5130120565971616,0.3168906796513713,0.5130120565971616,0.8036352079666885,0.2906231513695269
3,0.7,1.0,1.0,0.2398790046684631,0.6469925255314073,0.3429999999999999,0.6469925255314073,1.0,0.3530074744685927
3,0.85,0.7,0.25,0.059969751167115774,0.12916340971562792,0.08061030377511526,0.12916340971562792,0.23298925311279206,0.10382584339716414
3,0.85,0.7,0.5,0.11993950233423155,0.2534912988217692,0.1489484195346926,0.2534912988217692,0.4619919955079995,0.20850069668623034
3,0.85,0.7,0.75,0.17990925350134732,0.36868666140163703,0.19461048864089836,0.36868666140163703,0.6830899267716852,0.3144032653700482
3,0.85,0.7,1.0,0.2398790046684631,0.4714379665757107,0.21064487499999993,0.4714379665757107,0.8924999999999998,0.42106203342428916
3,0.85,0.9,0.25,0.059969751167115774,0.17724527187150646,0.17132627245498264,0.17724527187150646,0.29955761114501833,0.12231233927351187
3,0.85,0.9,0.5,0.11993950233423155,0.34551931119298,0.3165696730052214,0.34551931119298,0.5939897085102851,0.24847039731730508
3,0.85,0.9,0.75,0.17990925350134732,0.4970204209178997,0.4136182105516471,0.4970204209178997,0.878258477277881,0.38123805635998126
3,0.85,0.9,1.0,0.2398790046684631,0.6260996190893978,0.447697125,0.6260996190893978,1.0,0.3739003809106022
3,0.85,1.0,0.25,0.059969751167115774,0.20490734406342218,0.23501546290121073,0.23501546290121073,0.33284179016113147,0.09782632725992074
3,0.85,1.0,0.5,0.11993950233423155,0.39798083881050084,0.4342519519961884,0.4342519519961884,0.6599885650114279,0.2257366130152395
3,0.85,1.0,0.75,0.17990925350134732,0.5689931613556767,0.5673775179034939,0.5689931613556767,0.9758427525309789,0.40684959117530217
3,0.85,1.0,1.0,0.2398790046684631,0.710684541117393,0.6141249999999999,0.710684541117393,1.0,0.289315458882607
3,0.95,0.7,0.25,0.059969751167115774,0.1382306368639837,0.11253940028363843,0.1382306368639837,0.26039975347900285,0.12216911661501914
3,0.95,0.7,0.5,0.11993950233423155,0.2710132825456619,0.20794569704629687,0.2710132825456619,0.5163439949795288,0.24533071243386684
3,0.95,0.7,0.75,0.17990925350134732,0.39355581989932314,0.2716941464660944,0.39355581989932314,0.763453447568354,0.36989762766903084
3,0.95,0.7,1.0,0.2398790046684631,0.5022581750734874,0.2940796249999999,0.5022581750734874,0.9974999999999997,0.49524182492651236
3,0.95,0.9,0.25,0.059969751167115774,0.18872842865549933,0.23918723850370976,0.23918723850370976,0.33479968304443225,0.09561244454072249
3,0.95,0.9,0.5,0.11993950233423155,0.36706328664480753,0.441960388182946,0.441960388182946,0.6638708506879657,0.22191046250501972
3,0.95,0.9,0.75,0.17990925350134732,0.5260758952444579,0.5774490751422242,0.5774490751422242,0.9815830040164553,0.40413392887423105
3,0.95,0.9,1.0,0.2398790046684631,0.6595190010763315,0.625026375,0.6595190010763315,1.0,0.34048099892366845
3,0.95,1.0,0.25,0.059969751167115774,0.21799727261963628,0.3281032078240188,0.3281032078240188,0.37199964782714695,0.043896440003128145
3,0.95,1.0,0.5,0.11993950233423155,0.4221096263687329,0.606255676519816,0.606255676519816,0.7376342785421841,0.13137860202236806
3,0.95,1.0,0.75,0.17990925350134732,0.6004846414104344,0.7921112141868644,0.7921112141868644,1.0,0.20788878581313563
3,0.95,1.0,1.0,0.2398790046684631,0.7450057114856468,0.8573749999999999,0.8573749999999999,1.0,0.1426250000000001
3,1.0,0.7,0.25,0.059969751167115774,0.14290563505156784,0.13126041730122576,0.14290563505156784,0.27410500366210827,0.13119936861054043
3,1.0,0.7,0.5,0.11993950233423155,0.2800592576691539,0.24253762594698572,0.2800592576691539,0.5435199947152936,0.26346073704613965
3,1.0,0.7,0.75,0.17990925350134732,0.4064270215746739,0.3168906796513713,0.4064270215746739,0.8036352079666885,0.3972081863920146
3,1.0,0.7,1.0,0.2398790046684631,0.5182758041481887,0.3429999999999999,0.5182758041481887,1.0,0.48172419585181125
3,1.0,0.9,0.25,0.059969751167115774,0.19428822835880857,0.27897622219415047,0.27897622219415047,0.3524207189941393,0.07344449679998882
3,1.0,0.9,0.5,0.11993950233423155,0.3774542831214541,0.5154808434849931,0.5154808434849931,0.698811421776806,0.18333057829181287
3,1.0,0.9,0.75,0.17990925350134732,0.5400023052958757,0.6735081792007281,0.6735081792007281,1.0,0.32649182079927186
3,1.0,0.9,1.0,0.2398790046684631,0.6754052304573164,0.7290000000000001,0.7290000000000001,1.0,0.2709999999999999
3,1.0,1.0,0.25,0.059969751167115774,0.2241548991330267,0.3826834323650898,0.3826834323650898,0.3915785766601547,0.008895144295064938
3,1.0,1.0,0.5,0.11993950233423155,0.4333596566087392,0.7071067811865475,0.7071067811865475,0.7764571353075622,0.06935035412101476
3,1.0,1.0,0.75,0.17990925350134732,0.6149315272702202,0.9238795325112867,0.9238795325112867,1.0,0.07612046748871326
3,1.0,1.0,1.0,0.2398790046684631,0.7603453162872774,1.0,1.0,1.0,0.0
4,0.7,0.7,0.25,0.04497731337533683,0.10061705840857167,0.022060938335817012,0.10061705840857167,0.19211359504593875,0.09149653663736708
4,0.7,0.7,0.5,0.08995462675067366,0.19889332105931,0.04076329879290989,0.19889332105931,0.3823770311516113,0.1834837100923013
4,0.7,0.7,0.75,0.13493194012601048,0.29265740577177424,0.053259816529005966,0.29265740577177424,0.568957967418746,0.2763005616469718
4,0.7,0.7,1.0,0.17990925350134732,0.3800567593439928,0.05764800999999998,0.3800567593439928,0.7500595274355759,0.3700027680915831
4,0.7,0.9,0.25,0.04497731337533683,0.13858349662489938,0.06028397185393396,0.13858349662489938,0.24700319363049272,0.10841969700559334
4,0.7,0.9,0.5,0.08995462675067366,0.2726886267197251,0.11139025546867214,0.2726886267197251,0.4916276114806432,0.2189389847609181
4,0.7,0.9,0.75,0.13493194012601048,0.3982349771434284,0.14553838244348527,0.3982349771434284,0.7315173866812451,0.3332824095378167
4,0.7,0.9,1.0,0.17990925350134732,0.5118902177339562,0.15752960999999996,0.5118902177339562,0.9643622495600263,0.4524720318260701
4,0.7,1.0,0.25,0.04497731337533683,0.16027183931644695,0.09188229211085804,0.16027183931644695,0.27444799292276967,0.11417615360632272
4,0.7,1.0,0.5,0.08995462675067366,0.3145359807384248,0.16977633816289,0.3145359807384248,0.546252901645159,0.23171692090673424
4,0.7,1.0,0.75,0.13493194012601048,0.4573544231623297,0.2218234757559599,0.4573544231623297,0.8127970963124945,0.3554426731501648
4,0.7,1.0,1.0,0.17990925350134732,0.5843605721475225,0.24009999999999995,0.5843605721475225,1.0,0.41563942785247754
4,0.85,0.7,0.25,0.04497731337533683,0.11172813854721649,0.047963130746193586,0.11172813854721649,0.23328079398435422,0.12155265543713774
4,0.85,0.7,0.5,0.08995462675067366,0.22052230530116518,0.08862430962314209,0.22052230530116518,0.4643149663983852,0.24379266109722003
4,0.85,0.7,0.75,0.13493194012601048,0.323689755441221,0.11579324074133453,0.323689755441221,0.6908775318656203,0.36718777642439926
4,0.85,0.7,1.0,0.17990925350134732,0.4189881490940973,0.12533370062499996,0.4189881490940973,0.9107865690289136,0.4917984199348163
4,0.85,0.9,0.25,0.04497731337533683,0.15420123109360753,0.1310645984280617,0.15420123109360753,0.2999324494084554,0.1457312183148479
4,0.85,0.9,0.5,0.08995462675067366,0.30257370957637375,0.24217579984899434,0.30257370957637375,0.5969763853693525,0.29440267579297874
4,0.85,0.9,0.75,0.13493194012601048,0.4398847364686194,0.31641793107201,0.4398847364686194,0.8882711123986547,0.44838637593003533
4,0.85,0.9,1.0,0.17990925350134732,0.5620124321861055,0.34248830062499996,0.5620124321861055,1.0,0.4379875678138945
4,0.85,1.0,0.25,0.04497731337533683,0.17846443458422606,0.1997631434660291,0.1997631434660291,0.33325827712050604,0.13349513365447693
4,0.85,1.0,0.5,0.08995462675067366,0.3489679022543303,0.3691141591967601,0.3691141591967601,0.6633070948548361,0.29419293565807597
4,0.85,1.0,0.75,0.13493194012601048,0.5044218296355902,0.48227089021796976,0.5044218296355902,0.9869679026651719,0.48254607302958163
4,0.85,1.0,1.0,0.17990925350134732,0.6393642989129538,0.5220062499999999,0.6393642989129538,1.0,0.36063570108704623
4,0.95,0.7,0.25,0.04497731337533683,0.11817022595492488,0.07483870118861956,0.11817022595492488,0.2607255932766312,0.14255536732170632
4,0.95,0.7,0.5,0.08995462675067366,0.23298710556917596,0.1382838885357874,0.23298710556917596,0.5189402565629011,0.28595315099372515
4,0.95,0.7,0.75,0.13493194012601048,0.3413930358404512,0.18067660739995278,0.3413930358404512,0.7721572414968697,0.4307642056564185
4,0.95,0.7,1.0,0.17990925350134732,0.4408798762282689,0.19556295062499993,0.4408798762282689,1.0,0.5591201237717311
4,0.95,0.9,0.25,0.04497731337533683,0.1636042086438398,0.20450508892067182,0.20450508892067182,0.3352186199270973,0.13071353100642547
4,0.95,0.9,0.5,0.08995462675067366,0.32042056495023735,0.3778761318964188,0.3778761318964188,0.6672089012951586,0.28933276939873986
4,0.95,0.9,0.75,0.13493194012601048,0.46441410589372745,0.49371895924660164,0.49371895924660164,0.9927735962102612,0.49905463696365954
4,0.95,0.9,1.0,0.17990925350134732,0.5909450709678848,0.5343975506249999,0.5909450709678848,1.0,0.40905492903211516
4,0.95,1.0,0.25,0.04497731337533683,0.1894141338253793,0.31169804743281787,0.31169804743281787,0.37246513325233027,0.0607670858195124
4,0.95,1.0,0.5,0.08995462675067366,0.3694695292228318,0.5759428926938253,0.5759428926938253,0.7413432236612874,0.1654003309674621
4,0.95,1.0,0.75,0.13493194012601048,0.5319244190974545,0.7525056534775211,0.7525056534775211,1.0,0.24749434652247893
4,0.95,1.0,1.0,0.17990925350134732,0.6706081063397947,0.8145062499999999,0.8145062499999999,1.0,0.18549375000000012
4,1.0,0.7,0.25,0.04497731337533683,0.12102048301278955,0.09188229211085804,0.12102048301278955,0.27444799292276967,0.1534275099099801
4,1.0,0.7,0.5,0.08995462675067366,0.23846880611517324,0.16977633816289,0.23846880611517324,0.546252901645159,0.3077840955299858
4,1.0,0.7,0.75,0.13493194012601048,0.3490978265203183,0.2218234757559599,0.3490978265203183,0.8127970963124945,0.46369926979217624
4,1.0,0.7,1.0,0.17990925350134732,0.4502628170093338,0.24009999999999995,0.4502628170093338,1.0,0.5497371829906662
4,1.0,0.9,0.25,0.04497731337533683,0.16803482582253307,0.2510785999747354,0.2510785999747354,0.3528617051864182,0.10178310521168277
4,1.0,0.9,0.5,0.08995462675067366,0.32878465262929724,0.4639327591364938,0.4639327591364938,0.7023251592580617,0.23839240012156793
4,1.0,0.9,0.75,0.13493194012601048,0.4758034008552851,0.6061573612806552,0.6061573612806552,1.0,0.3938426387193448
4,1.0,0.9,1.0,0.17990925350134732,0.6041952807321024,0.6561,0.6561,1.0,0.3439
4,1.0,1.0,0.25,0.04497731337533683,0.19462571667129128,0.3826834323650898,0.3826834323650898,0.3920685613182424,0.009385128953152633
4,1.0,1.0,0.5,0.08995462675067366,0.3791673530499912,0.7071067811865475,0.7071067811865475,0.780361288064513,0.07325450687796553
4,1.0,1.0,0.75,0.13493194012601048,0.5447935027529248,0.9238795325112867,0.9238795325112867,1.0,0.07612046748871326
4,1.0,1.0,1.0,0.17990925350134732,0.6849890196602021,1.0,1.0,1.0,0.0
